Total_Record_length,Weather_Station_USAF ,Year,Month,Day,Date,time.H,Obs Type,Latitude,Longitude,SYNOP Type,Elevation(m),Call Letter Identifier,Wind (Angular Degrees),Wind (QC),Wind TC,Wind Speed (m/s),Wind Speed (QC),Air Temp (Cel),Air Temp (QC),Dew Point (Cel),Dew Point (QC),Precip Time (H),Precip Depth (mm),Precip (CC),Precip (QC)
119,12330,2018,1,1,1/1/2018,6,4,62083,9117,FM-12,638,V020,150,1,N,30,1,-28,1,-46,1,24,6,3,1
102,12330,2018,1,1,1/1/2018,18,4,62083,9117,FM-12,638,V020,70,1,N,10,1,-19,1,-29,1,12,4,3,1
83,12330,2018,1,1,1/1/2018,12,4,62083,9117,FM-12,638,V020,300,1,N,10,1,-22,1,-36,1,6,0,9,1
83,12330,2018,1,1,1/1/2018,0,4,62083,9117,FM-12,638,V020,180,1,N,30,1,-53,1,-61,1,6,2,3,1
39,12330,2018,1,1,1/1/2018,21,4,62083,9117,FM-12,638,V020,10,1,N,10,1,-25,1,-34,1,,,,
39,12330,2018,1,1,1/1/2018,20,4,62083,9117,FM-12,638,V020,50,1,N,10,1,-24,1,-33,1,,,,
39,12330,2018,1,1,1/1/2018,11,4,62083,9117,FM-12,638,V020,60,1,N,10,1,-25,1,-39,1,,,,
39,12330,2018,1,1,1/1/2018,9,4,62083,9117,FM-12,638,V020,120,1,N,20,1,-27,1,-46,1,,,,
39,12330,2018,1,1,1/1/2018,8,4,62083,9117,FM-12,638,V020,130,1,N,30,1,-27,1,-48,1,,,,
39,12330,2018,1,1,1/1/2018,3,4,62083,9117,FM-12,638,V020,130,1,N,40,1,-36,1,-47,1,,,,
39,12330,2018,1,1,1/1/2018,7,4,62083,9117,FM-12,638,V020,140,1,N,30,1,-28,1,-49,1,,,,
39,12330,2018,1,1,1/1/2018,2,4,62083,9117,FM-12,638,V020,150,1,N,50,1,-33,1,-44,1,,,,
39,12330,2018,1,1,1/1/2018,1,4,62083,9117,FM-12,638,V020,160,1,N,20,1,-44,1,-54,1,,,,
39,12330,2018,1,1,1/1/2018,4,4,62083,9117,FM-12,638,V020,180,1,N,30,1,-40,1,-51,1,,,,
39,12330,2018,1,1,1/1/2018,16,4,62083,9117,FM-12,638,V020,190,1,N,10,1,-20,1,-31,1,,,,
39,12330,2018,1,1,1/1/2018,15,4,62083,9117,FM-12,638,V020,220,1,N,20,1,-18,1,-31,1,,,,
39,12330,2018,1,1,1/1/2018,17,4,62083,9117,FM-12,638,V020,300,1,N,10,1,-21,1,-31,1,,,,
39,12330,2018,1,1,1/1/2018,10,4,62083,9117,FM-12,638,V020,300,1,N,10,1,-31,1,-46,1,,,,
39,12330,2018,1,1,1/1/2018,23,4,62083,9117,FM-12,638,V020,310,1,N,10,1,-33,1,-40,1,,,,
39,12330,2018,1,1,1/1/2018,22,4,62083,9117,FM-12,638,V020,310,1,N,10,1,-34,1,-43,1,,,,
39,12330,2018,1,1,1/1/2018,14,4,62083,9117,FM-12,638,V020,330,1,N,10,1,-18,1,-32,1,,,,
39,12330,2018,1,1,1/1/2018,5,4,62083,9117,FM-12,638,V020,330,1,N,10,1,-37,1,-48,1,,,,
39,12330,2018,1,1,1/1/2018,13,4,62083,9117,FM-12,638,V020,330,1,N,20,1,-22,1,-36,1,,,,
39,12330,2018,1,1,1/1/2018,19,4,62083,9117,FM-12,638,V020,350,1,N,10,1,-22,1,-31,1,,,,
119,12330,2018,2,1,1/2/2018,6,4,62083,9117,FM-12,638,V020,130,1,N,20,1,-30,1,-62,1,24,21,3,1
83,12330,2018,2,1,1/2/2018,12,4,62083,9117,FM-12,638,V020,240,1,N,20,1,-10,1,-59,1,6,0,9,1
83,12330,2018,2,1,1/2/2018,0,4,62083,9117,FM-12,638,V020,140,1,N,40,1,-27,1,-39,1,6,20,3,1
102,12330,2018,2,1,1/2/2018,18,4,62083,9117,FM-12,638,V020,70,1,N,30,1,-48,1,-91,1,12,0,9,1
39,12330,2018,2,1,1/2/2018,21,4,62083,9117,FM-12,638,V020,20,1,N,20,1,-56,1,-94,1,,,,
39,12330,2018,2,1,1/2/2018,7,4,62083,9117,FM-12,638,V020,30,1,N,10,1,-30,1,-58,1,,,,
39,12330,2018,2,1,1/2/2018,19,4,62083,9117,FM-12,638,V020,30,1,N,10,1,-59,1,-97,1,,,,
39,12330,2018,2,1,1/2/2018,2,4,62083,9117,FM-12,638,V020,40,1,N,10,1,-30,1,-45,1,,,,
39,12330,2018,2,1,1/2/2018,1,4,62083,9117,FM-12,638,V020,50,1,N,20,1,-31,1,-45,1,,,,
39,12330,2018,2,1,1/2/2018,20,4,62083,9117,FM-12,638,V020,50,1,N,30,1,-51,1,-89,1,,,,
39,12330,2018,2,1,1/2/2018,17,4,62083,9117,FM-12,638,V020,50,1,N,50,1,-37,1,-78,1,,,,
39,12330,2018,2,1,1/2/2018,11,4,62083,9117,FM-12,638,V020,60,1,N,40,1,-11,1,-58,1,,,,
39,12330,2018,2,1,1/2/2018,22,4,62083,9117,FM-12,638,V020,70,1,N,10,1,-64,1,-103,1,,,,
39,12330,2018,2,1,1/2/2018,14,4,62083,9117,FM-12,638,V020,70,1,N,30,1,-16,1,-70,1,,,,
39,12330,2018,2,1,1/2/2018,23,4,62083,9117,FM-12,638,V020,80,1,N,10,1,-74,1,-113,1,,,,
39,12330,2018,2,1,1/2/2018,16,4,62083,9117,FM-12,638,V020,90,1,N,20,1,-28,1,-75,1,,,,
39,12330,2018,2,1,1/2/2018,10,4,62083,9117,FM-12,638,V020,90,1,N,30,1,-12,1,-56,1,,,,
39,12330,2018,2,1,1/2/2018,9,4,62083,9117,FM-12,638,V020,90,1,N,40,1,-21,1,-55,1,,,,
39,12330,2018,2,1,1/2/2018,8,4,62083,9117,FM-12,638,V020,100,1,N,30,1,-21,1,-57,1,,,,
39,12330,2018,2,1,1/2/2018,13,4,62083,9117,FM-12,638,V020,110,1,N,20,1,-14,1,-60,1,,,,
39,12330,2018,2,1,1/2/2018,3,4,62083,9117,FM-12,638,V020,240,1,N,10,1,-33,1,-45,1,,,,
39,12330,2018,2,1,1/2/2018,15,4,62083,9117,FM-12,638,V020,350,1,N,10,1,-20,1,-74,1,,,,
39,12330,2018,2,1,1/2/2018,5,4,62083,9117,FM-12,638,V020,350,1,N,20,1,-29,1,-47,1,,,,
39,12330,2018,2,1,1/2/2018,4,4,62083,9117,FM-12,638,V020,360,1,N,20,1,-30,1,-45,1,,,,
119,12330,2018,1,2,2/1/2018,6,4,62083,9117,FM-12,638,V020,50,1,N,10,1,-30,1,-39,1,24,11,3,1
83,12330,2018,1,2,2/1/2018,12,4,62083,9117,FM-12,638,V020,999,9,C,9999,9,-24,1,-56,1,6,0,9,1
83,12330,2018,1,2,2/1/2018,0,4,62083,9117,FM-12,638,V020,260,1,N,10,1,-37,1,-46,1,6,6,3,1
102,12330,2018,1,2,2/1/2018,18,4,62083,9117,FM-12,638,V020,260,1,N,10,1,-86,1,-97,1,12,2,3,1
39,12330,2018,1,2,2/1/2018,19,4,62083,9117,FM-12,638,V020,999,9,C,9999,9,-96,1,-107,1,,,,
39,12330,2018,1,2,2/1/2018,7,4,62083,9117,FM-12,638,V020,10,1,N,10,1,-22,1,-33,1,,,,
39,12330,2018,1,2,2/1/2018,15,4,62083,9117,FM-12,638,V020,10,1,N,10,1,-57,1,-70,1,,,,
39,12330,2018,1,2,2/1/2018,14,4,62083,9117,FM-12,638,V020,20,1,N,10,1,-48,1,-63,1,,,,
39,12330,2018,1,2,2/1/2018,10,4,62083,9117,FM-12,638,V020,30,1,N,10,1,-30,1,-48,1,,,,
39,12330,2018,1,2,2/1/2018,5,4,62083,9117,FM-12,638,V020,30,1,N,10,1,-35,1,-44,1,,,,
39,12330,2018,1,2,2/1/2018,8,4,62083,9117,FM-12,638,V020,40,1,N,20,1,-29,1,-43,1,,,,
39,12330,2018,1,2,2/1/2018,11,4,62083,9117,FM-12,638,V020,50,1,N,20,1,-25,1,-46,1,,,,
39,12330,2018,1,2,2/1/2018,9,4,62083,9117,FM-12,638,V020,60,1,N,10,1,-31,1,-47,1,,,,
39,12330,2018,1,2,2/1/2018,20,4,62083,9117,FM-12,638,V020,70,1,N,10,1,-103,1,-114,1,,,,
39,12330,2018,1,2,2/1/2018,3,4,62083,9117,FM-12,638,V020,100,1,N,10,1,-33,1,-42,1,,,,
39,12330,2018,1,2,2/1/2018,16,4,62083,9117,FM-12,638,V020,200,1,N,10,1,-69,1,-81,1,,,,
39,12330,2018,1,2,2/1/2018,23,4,62083,9117,FM-12,638,V020,230,1,N,10,1,-133,1,-147,1,,,,
39,12330,2018,1,2,2/1/2018,13,4,62083,9117,FM-12,638,V020,240,1,N,10,1,-53,1,-69,1,,,,
39,12330,2018,1,2,2/1/2018,21,4,62083,9117,FM-12,638,V020,270,1,N,10,1,-118,1,-130,1,,,,
39,12330,2018,1,2,2/1/2018,22,4,62083,9117,FM-12,638,V020,270,1,N,10,1,-127,1,-140,1,,,,
39,12330,2018,1,2,2/1/2018,17,4,62083,9117,FM-12,638,V020,280,1,N,10,1,-81,1,-92,1,,,,
39,12330,2018,1,2,2/1/2018,4,4,62083,9117,FM-12,638,V020,330,1,N,10,1,-32,1,-41,1,,,,
39,12330,2018,1,2,2/1/2018,2,4,62083,9117,FM-12,638,V020,340,1,N,10,1,-32,1,-41,1,,,,
39,12330,2018,1,2,2/1/2018,1,4,62083,9117,FM-12,638,V020,340,1,N,10,1,-37,1,-46,1,,,,
119,12330,2018,2,2,2/2/2018,6,4,62083,9117,FM-12,638,V020,30,1,N,20,1,-124,1,-158,1,24,2,3,1
83,12330,2018,2,2,2/2/2018,12,4,62083,9117,FM-12,638,V020,30,1,N,20,1,-88,1,-143,1,6,0,9,1
83,12330,2018,2,2,2/2/2018,0,4,62083,9117,FM-12,638,V020,30,1,N,20,1,-76,1,-116,1,6,2,3,1
102,12330,2018,2,2,2/2/2018,18,4,62083,9117,FM-12,638,V020,70,1,N,10,1,-138,1,-183,1,12,0,9,1
39,12330,2018,2,2,2/2/2018,11,4,62083,9117,FM-12,638,V020,999,9,C,9999,9,-114,1,-160,1,,,,
39,12330,2018,2,2,2/2/2018,20,4,62083,9117,FM-12,638,V020,999,9,C,9999,9,-151,1,-191,1,,,,
39,12330,2018,2,2,2/2/2018,21,4,62083,9117,FM-12,638,V020,999,9,C,9999,9,-158,1,-196,1,,,,
39,12330,2018,2,2,2/2/2018,9,4,62083,9117,FM-12,638,V020,10,1,N,50,1,-130,1,-166,1,,,,
39,12330,2018,2,2,2/2/2018,17,4,62083,9117,FM-12,638,V020,20,1,N,10,1,-119,1,-175,1,,,,
39,12330,2018,2,2,2/2/2018,16,4,62083,9117,FM-12,638,V020,20,1,N,20,1,-111,1,-172,1,,,,
39,12330,2018,2,2,2/2/2018,2,4,62083,9117,FM-12,638,V020,30,1,N,20,1,-90,1,-128,1,,,,
39,12330,2018,2,2,2/2/2018,3,4,62083,9117,FM-12,638,V020,30,1,N,20,1,-99,1,-134,1,,,,
39,12330,2018,2,2,2/2/2018,8,4,62083,9117,FM-12,638,V020,30,1,N,30,1,-122,1,-158,1,,,,
39,12330,2018,2,2,2/2/2018,13,4,62083,9117,FM-12,638,V020,60,1,N,20,1,-73,1,-144,1,,,,
39,12330,2018,2,2,2/2/2018,14,4,62083,9117,FM-12,638,V020,80,1,N,10,1,-101,1,-150,1,,,,
39,12330,2018,2,2,2/2/2018,19,4,62083,9117,FM-12,638,V020,80,1,N,20,1,-141,1,-190,1,,,,
39,12330,2018,2,2,2/2/2018,15,4,62083,9117,FM-12,638,V020,110,1,N,10,1,-106,1,-153,1,,,,
39,12330,2018,2,2,2/2/2018,22,4,62083,9117,FM-12,638,V020,310,1,N,10,1,-160,1,-195,1,,,,
39,12330,2018,2,2,2/2/2018,23,4,62083,9117,FM-12,638,V020,310,1,N,10,1,-173,1,-205,1,,,,
39,12330,2018,2,2,2/2/2018,1,4,62083,9117,FM-12,638,V020,360,1,N,30,1,-84,1,-124,1,,,,
39,12330,2018,2,2,2/2/2018,7,4,62083,9117,FM-12,638,V020,360,1,N,30,1,-124,1,-157,1,,,,
39,12330,2018,2,2,2/2/2018,10,4,62083,9117,FM-12,638,V020,360,1,N,40,1,-109,1,-151,1,,,,
39,12330,2018,2,2,2/2/2018,4,4,62083,9117,FM-12,638,V020,360,1,N,40,1,-113,1,-148,1,,,,
39,12330,2018,2,2,2/2/2018,5,4,62083,9117,FM-12,638,V020,360,1,N,40,1,-125,1,-159,1,,,,
119,12330,2018,1,3,3/1/2018,6,4,62083,9117,FM-12,638,V020,240,1,N,10,1,-112,1,-125,1,12,0,9,1
83,12330,2018,1,3,3/1/2018,0,4,62083,9117,FM-12,638,V020,200,1,N,10,1,-131,1,-145,1,6,0,9,1
83,12330,2018,1,3,3/1/2018,12,4,62083,9117,FM-12,638,V020,250,1,N,10,1,-79,1,-90,1,6,0,9,1
102,12330,2018,1,3,3/1/2018,18,4,62083,9117,FM-12,638,V020,60,1,N,40,1,-48,1,-77,1,12,0,9,1
39,12330,2018,1,3,3/1/2018,9,4,62083,9117,FM-12,638,V020,999,9,C,9999,9,-88,1,-99,1,,,,
39,12330,2018,1,3,3/1/2018,4,4,62083,9117,FM-12,638,V020,20,1,N,20,1,-119,1,-132,1,,,,
39,12330,2018,1,3,3/1/2018,22,4,62083,9117,FM-12,638,V020,60,1,N,10,1,-48,1,-62,1,,,,
39,12330,2018,1,3,3/1/2018,7,4,62083,9117,FM-12,638,V020,60,1,N,10,1,-106,1,-118,1,,,,
39,12330,2018,1,3,3/1/2018,20,4,62083,9117,FM-12,638,V020,60,1,N,30,1,-50,1,-76,1,,,,
39,12330,2018,1,3,3/1/2018,19,4,62083,9117,FM-12,638,V020,60,1,N,40,1,-50,1,-77,1,,,,
39,12330,2018,1,3,3/1/2018,2,4,62083,9117,FM-12,638,V020,70,1,N,10,1,-130,1,-144,1,,,,
39,12330,2018,1,3,3/1/2018,21,4,62083,9117,FM-12,638,V020,70,1,N,20,1,-50,1,-69,1,,,,
39,12330,2018,1,3,3/1/2018,14,4,62083,9117,FM-12,638,V020,70,1,N,30,1,-62,1,-75,1,,,,
39,12330,2018,1,3,3/1/2018,15,4,62083,9117,FM-12,638,V020,70,1,N,40,1,-50,1,-70,1,,,,
39,12330,2018,1,3,3/1/2018,13,4,62083,9117,FM-12,638,V020,80,1,N,10,1,-68,1,-79,1,,,,
39,12330,2018,1,3,3/1/2018,16,4,62083,9117,FM-12,638,V020,90,1,N,30,1,-52,1,-72,1,,,,
39,12330,2018,1,3,3/1/2018,17,4,62083,9117,FM-12,638,V020,100,1,N,10,1,-68,1,-84,1,,,,
39,12330,2018,1,3,3/1/2018,1,4,62083,9117,FM-12,638,V020,110,1,N,10,1,-136,1,-150,1,,,,
39,12330,2018,1,3,3/1/2018,23,4,62083,9117,FM-12,638,V020,150,1,N,10,1,-49,1,-63,1,,,,
39,12330,2018,1,3,3/1/2018,5,4,62083,9117,FM-12,638,V020,190,1,N,10,1,-114,1,-127,1,,,,
39,12330,2018,1,3,3/1/2018,10,4,62083,9117,FM-12,638,V020,260,1,N,10,1,-98,1,-110,1,,,,
39,12330,2018,1,3,3/1/2018,11,4,62083,9117,FM-12,638,V020,280,1,N,10,1,-89,1,-100,1,,,,
39,12330,2018,1,3,3/1/2018,3,4,62083,9117,FM-12,638,V020,290,1,N,10,1,-119,1,-132,1,,,,
39,12330,2018,1,3,3/1/2018,8,4,62083,9117,FM-12,638,V020,360,1,N,10,1,-89,1,-100,1,,,,
119,12330,2018,2,3,3/2/2018,6,4,62083,9117,FM-12,638,V020,270,1,N,10,1,-181,1,-204,1,12,0,9,1
83,12330,2018,2,3,3/2/2018,12,4,62083,9117,FM-12,638,V020,280,1,N,10,1,-175,1,-207,1,6,0,9,1
83,12330,2018,2,3,3/2/2018,0,4,62083,9117,FM-12,638,V020,290,1,N,10,1,-167,1,-196,1,6,0,9,1
102,12330,2018,2,3,3/2/2018,18,4,62083,9117,FM-12,638,V020,260,1,N,10,1,-185,1,-208,1,12,0,9,1
39,12330,2018,2,3,3/2/2018,4,4,62083,9117,FM-12,638,V020,999,9,C,9999,9,-185,1,-211,1,,,,
39,12330,2018,2,3,3/2/2018,19,4,62083,9117,FM-12,638,V020,999,9,C,9999,9,-191,1,-214,1,,,,
39,12330,2018,2,3,3/2/2018,2,4,62083,9117,FM-12,638,V020,30,1,N,10,1,-170,1,-196,1,,,,
39,12330,2018,2,3,3/2/2018,7,4,62083,9117,FM-12,638,V020,110,1,N,10,1,-187,1,-209,1,,,,
39,12330,2018,2,3,3/2/2018,13,4,62083,9117,FM-12,638,V020,120,1,N,10,1,-157,1,-195,1,,,,
39,12330,2018,2,3,3/2/2018,9,4,62083,9117,FM-12,638,V020,170,1,N,20,1,-192,1,-213,1,,,,
39,12330,2018,2,3,3/2/2018,16,4,62083,9117,FM-12,638,V020,190,1,N,10,1,-179,1,-205,1,,,,
39,12330,2018,2,3,3/2/2018,15,4,62083,9117,FM-12,638,V020,230,1,N,10,1,-174,1,-203,1,,,,
39,12330,2018,2,3,3/2/2018,11,4,62083,9117,FM-12,638,V020,230,1,N,10,1,-184,1,-210,1,,,,
39,12330,2018,2,3,3/2/2018,1,4,62083,9117,FM-12,638,V020,250,1,N,10,1,-170,1,-198,1,,,,
39,12330,2018,2,3,3/2/2018,8,4,62083,9117,FM-12,638,V020,250,1,N,10,1,-188,1,-209,1,,,,
39,12330,2018,2,3,3/2/2018,14,4,62083,9117,FM-12,638,V020,260,1,N,10,1,-167,1,-205,1,,,,
39,12330,2018,2,3,3/2/2018,17,4,62083,9117,FM-12,638,V020,260,1,N,10,1,-183,1,-206,1,,,,
39,12330,2018,2,3,3/2/2018,10,4,62083,9117,FM-12,638,V020,260,1,N,10,1,-194,1,-218,1,,,,
39,12330,2018,2,3,3/2/2018,3,4,62083,9117,FM-12,638,V020,270,1,N,10,1,-178,1,-205,1,,,,
39,12330,2018,2,3,3/2/2018,5,4,62083,9117,FM-12,638,V020,270,1,N,10,1,-188,1,-213,1,,,,
39,12330,2018,2,3,3/2/2018,20,4,62083,9117,FM-12,638,V020,310,1,N,10,1,-193,1,-215,1,,,,
39,12330,2018,2,3,3/2/2018,21,4,62083,9117,FM-12,638,V020,350,1,N,10,1,-195,1,-217,1,,,,
119,12330,2018,1,4,4/1/2018,6,4,62083,9117,FM-12,638,V020,130,1,N,10,1,-46,1,-58,1,12,10,3,1
102,12330,2018,1,4,4/1/2018,18,4,62083,9117,FM-12,638,V020,90,1,N,10,1,-40,1,-52,1,12,10,3,1
83,12330,2018,1,4,4/1/2018,0,4,62083,9117,FM-12,638,V020,90,1,N,20,1,-43,1,-63,1,6,4,3,1
83,12330,2018,1,4,4/1/2018,12,4,62083,9117,FM-12,638,V020,999,9,C,9999,9,-35,1,-47,1,6,7,3,1
39,12330,2018,1,4,4/1/2018,17,4,62083,9117,FM-12,638,V020,999,9,C,9999,9,-39,1,-55,1,,,,
39,12330,2018,1,4,4/1/2018,9,4,62083,9117,FM-12,638,V020,999,9,C,9999,9,-40,1,-52,1,,,,
39,12330,2018,1,4,4/1/2018,5,4,62083,9117,FM-12,638,V020,999,9,C,9999,9,-43,1,-57,1,,,,
39,12330,2018,1,4,4/1/2018,19,4,62083,9117,FM-12,638,V020,30,1,N,10,1,-39,1,-53,1,,,,
39,12330,2018,1,4,4/1/2018,7,4,62083,9117,FM-12,638,V020,40,1,N,10,1,-42,1,-57,1,,,,
39,12330,2018,1,4,4/1/2018,15,4,62083,9117,FM-12,638,V020,70,1,N,10,1,-36,1,-50,1,,,,
39,12330,2018,1,4,4/1/2018,16,4,62083,9117,FM-12,638,V020,80,1,N,10,1,-36,1,-51,1,,,,
39,12330,2018,1,4,4/1/2018,13,4,62083,9117,FM-12,638,V020,80,1,N,10,1,-38,1,-50,1,,,,
39,12330,2018,1,4,4/1/2018,1,4,62083,9117,FM-12,638,V020,90,1,N,10,1,-42,1,-57,1,,,,
39,12330,2018,1,4,4/1/2018,4,4,62083,9117,FM-12,638,V020,90,1,N,20,1,-39,1,-57,1,,,,
39,12330,2018,1,4,4/1/2018,3,4,62083,9117,FM-12,638,V020,90,1,N,20,1,-41,1,-59,1,,,,
39,12330,2018,1,4,4/1/2018,2,4,62083,9117,FM-12,638,V020,100,1,N,30,1,-40,1,-58,1,,,,
39,12330,2018,1,4,4/1/2018,10,4,62083,9117,FM-12,638,V020,160,1,N,10,1,-42,1,-53,1,,,,
39,12330,2018,1,4,4/1/2018,14,4,62083,9117,FM-12,638,V020,190,1,N,10,1,-39,1,-50,1,,,,
39,12330,2018,1,4,4/1/2018,11,4,62083,9117,FM-12,638,V020,200,1,N,10,1,-36,1,-47,1,,,,
39,12330,2018,1,4,4/1/2018,22,4,62083,9117,FM-12,638,V020,200,1,N,10,1,-44,1,-56,1,,,,
39,12330,2018,1,4,4/1/2018,20,4,62083,9117,FM-12,638,V020,250,1,N,10,1,-39,1,-54,1,,,,
39,12330,2018,1,4,4/1/2018,23,4,62083,9117,FM-12,638,V020,270,1,N,10,1,-44,1,-58,1,,,,
39,12330,2018,1,4,4/1/2018,21,4,62083,9117,FM-12,638,V020,330,1,N,10,1,-43,1,-57,1,,,,
39,12330,2018,1,4,4/1/2018,8,4,62083,9117,FM-12,638,V020,340,1,N,10,1,-40,1,-52,1,,,,
119,12330,2018,1,5,5/1/2018,6,4,62083,9117,FM-12,638,V020,360,1,N,10,1,-62,1,-77,1,24,15,3,1
83,12330,2018,1,5,5/1/2018,12,4,62083,9117,FM-12,638,V020,40,1,N,20,1,-81,1,-106,1,6,0,9,1
83,12330,2018,1,5,5/1/2018,0,4,62083,9117,FM-12,638,V020,100,1,N,30,1,-42,1,-74,1,6,2,3,1
102,12330,2018,1,5,5/1/2018,18,4,62083,9117,FM-12,638,V020,30,1,N,20,1,-107,1,-130,1,12,0,9,1
39,12330,2018,1,5,5/1/2018,19,4,62083,9117,FM-12,638,V020,10,1,N,10,1,-93,1,-117,1,,,,
39,12330,2018,1,5,5/1/2018,11,4,62083,9117,FM-12,638,V020,20,1,N,20,1,-77,1,-104,1,,,,
39,12330,2018,1,5,5/1/2018,20,4,62083,9117,FM-12,638,V020,20,1,N,20,1,-88,1,-113,1,,,,
39,12330,2018,1,5,5/1/2018,14,4,62083,9117,FM-12,638,V020,30,1,N,20,1,-87,1,-114,1,,,,
39,12330,2018,1,5,5/1/2018,9,4,62083,9117,FM-12,638,V020,30,1,N,30,1,-73,1,-100,1,,,,
39,12330,2018,1,5,5/1/2018,8,4,62083,9117,FM-12,638,V020,40,1,N,20,1,-75,1,-98,1,,,,
39,12330,2018,1,5,5/1/2018,15,4,62083,9117,FM-12,638,V020,40,1,N,20,1,-90,1,-115,1,,,,
39,12330,2018,1,5,5/1/2018,4,4,62083,9117,FM-12,638,V020,60,1,N,10,1,-53,1,-72,1,,,,
39,12330,2018,1,5,5/1/2018,23,4,62083,9117,FM-12,638,V020,60,1,N,20,1,-65,1,-92,1,,,,
39,12330,2018,1,5,5/1/2018,21,4,62083,9117,FM-12,638,V020,80,1,N,10,1,-96,1,-117,1,,,,
39,12330,2018,1,5,5/1/2018,22,4,62083,9117,FM-12,638,V020,80,1,N,20,1,-69,1,-94,1,,,,
39,12330,2018,1,5,5/1/2018,7,4,62083,9117,FM-12,638,V020,90,1,N,10,1,-74,1,-87,1,,,,
39,12330,2018,1,5,5/1/2018,2,4,62083,9117,FM-12,638,V020,110,1,N,10,1,-50,1,-73,1,,,,
39,12330,2018,1,5,5/1/2018,1,4,62083,9117,FM-12,638,V020,150,1,N,20,1,-46,1,-70,1,,,,
39,12330,2018,1,5,5/1/2018,3,4,62083,9117,FM-12,638,V020,260,1,N,10,1,-50,1,-72,1,,,,
39,12330,2018,1,5,5/1/2018,10,4,62083,9117,FM-12,638,V020,340,1,N,20,1,-78,1,-105,1,,,,
39,12330,2018,1,5,5/1/2018,13,4,62083,9117,FM-12,638,V020,340,1,N,20,1,-86,1,-110,1,,,,
39,12330,2018,1,5,5/1/2018,5,4,62083,9117,FM-12,638,V020,360,1,N,10,1,-59,1,-75,1,,,,
39,12330,2018,1,5,5/1/2018,16,4,62083,9117,FM-12,638,V020,360,1,N,30,1,-99,1,-124,1,,,,
39,12330,2018,1,5,5/1/2018,17,4,62083,9117,FM-12,638,V020,360,1,N,30,1,-104,1,-127,1,,,,
119,12330,2018,1,6,6/1/2018,6,4,62083,9117,FM-12,638,V020,350,1,N,30,1,-73,1,-117,1,12,0,9,1
102,12330,2018,1,6,6/1/2018,18,4,62083,9117,FM-12,638,V020,150,1,N,10,1,-81,1,-118,1,12,3,3,1
83,12330,2018,1,6,6/1/2018,0,4,62083,9117,FM-12,638,V020,320,1,N,20,1,-63,1,-87,1,6,0,9,1
83,12330,2018,1,6,6/1/2018,12,4,62083,9117,FM-12,638,V020,200,1,N,10,1,-107,1,-130,1,6,0,9,1
39,12330,2018,1,6,6/1/2018,22,4,62083,9117,FM-12,638,V020,999,9,C,9999,9,-100,1,-125,1,,,,
39,12330,2018,1,6,6/1/2018,10,4,62083,9117,FM-12,638,V020,30,1,N,10,1,-90,1,-118,1,,,,
39,12330,2018,1,6,6/1/2018,13,4,62083,9117,FM-12,638,V020,30,1,N,20,1,-98,1,-120,1,,,,
39,12330,2018,1,6,6/1/2018,14,4,62083,9117,FM-12,638,V020,40,1,N,20,1,-79,1,-99,1,,,,
39,12330,2018,1,6,6/1/2018,8,4,62083,9117,FM-12,638,V020,50,1,N,10,1,-97,1,-129,1,,,,
39,12330,2018,1,6,6/1/2018,5,4,62083,9117,FM-12,638,V020,50,1,N,20,1,-90,1,-128,1,,,,
39,12330,2018,1,6,6/1/2018,20,4,62083,9117,FM-12,638,V020,60,1,N,20,1,-76,1,-107,1,,,,
39,12330,2018,1,6,6/1/2018,19,4,62083,9117,FM-12,638,V020,70,1,N,10,1,-86,1,-117,1,,,,
39,12330,2018,1,6,6/1/2018,21,4,62083,9117,FM-12,638,V020,80,1,N,20,1,-86,1,-117,1,,,,
39,12330,2018,1,6,6/1/2018,9,4,62083,9117,FM-12,638,V020,90,1,N,10,1,-101,1,-127,1,,,,
39,12330,2018,1,6,6/1/2018,15,4,62083,9117,FM-12,638,V020,100,1,N,20,1,-71,1,-90,1,,,,
39,12330,2018,1,6,6/1/2018,16,4,62083,9117,FM-12,638,V020,100,1,N,20,1,-74,1,-101,1,,,,
39,12330,2018,1,6,6/1/2018,23,4,62083,9117,FM-12,638,V020,160,1,N,10,1,-108,1,-129,1,,,,
39,12330,2018,1,6,6/1/2018,17,4,62083,9117,FM-12,638,V020,220,1,N,10,1,-85,1,-117,1,,,,
39,12330,2018,1,6,6/1/2018,7,4,62083,9117,FM-12,638,V020,280,1,N,10,1,-88,1,-125,1,,,,
39,12330,2018,1,6,6/1/2018,2,4,62083,9117,FM-12,638,V020,280,1,N,30,1,-75,1,-109,1,,,,
39,12330,2018,1,6,6/1/2018,1,4,62083,9117,FM-12,638,V020,290,1,N,20,1,-65,1,-95,1,,,,
39,12330,2018,1,6,6/1/2018,3,4,62083,9117,FM-12,638,V020,300,1,N,20,1,-80,1,-114,1,,,,
39,12330,2018,1,6,6/1/2018,4,4,62083,9117,FM-12,638,V020,300,1,N,30,1,-83,1,-118,1,,,,
39,12330,2018,1,6,6/1/2018,11,4,62083,9117,FM-12,638,V020,340,1,N,10,1,-94,1,-122,1,,,,
119,12330,2018,1,7,7/1/2018,6,4,62083,9117,FM-12,638,V020,260,1,N,30,1,-67,1,-123,1,24,4,3,1
102,12330,2018,1,7,7/1/2018,18,4,62083,9117,FM-12,638,V020,280,1,N,40,1,-38,1,-54,1,12,3,3,1
83,12330,2018,1,7,7/1/2018,0,4,62083,9117,FM-12,638,V020,60,1,N,10,1,-97,1,-119,1,6,0,9,1
83,12330,2018,1,7,7/1/2018,12,4,62083,9117,FM-12,638,V020,230,1,N,30,1,-30,1,-55,1,6,0,9,1
39,12330,2018,1,7,7/1/2018,2,4,62083,9117,FM-12,638,V020,80,1,N,10,1,-109,1,-134,1,,,,
39,12330,2018,1,7,7/1/2018,8,4,62083,9117,FM-12,638,V020,80,1,N,30,1,-34,1,-93,1,,,,
39,12330,2018,1,7,7/1/2018,22,4,62083,9117,FM-12,638,V020,120,1,N,10,1,-34,1,-48,1,,,,
39,12330,2018,1,7,7/1/2018,4,4,62083,9117,FM-12,638,V020,120,1,N,10,1,-114,1,-140,1,,,,
39,12330,2018,1,7,7/1/2018,5,4,62083,9117,FM-12,638,V020,160,1,N,20,1,-82,1,-129,1,,,,
39,12330,2018,1,7,7/1/2018,3,4,62083,9117,FM-12,638,V020,220,1,N,10,1,-116,1,-142,1,,,,
39,12330,2018,1,7,7/1/2018,17,4,62083,9117,FM-12,638,V020,270,1,N,30,1,-39,1,-55,1,,,,
39,12330,2018,1,7,7/1/2018,15,4,62083,9117,FM-12,638,V020,270,1,N,50,1,-44,1,-63,1,,,,
39,12330,2018,1,7,7/1/2018,16,4,62083,9117,FM-12,638,V020,280,1,N,30,1,-41,1,-56,1,,,,
39,12330,2018,1,7,7/1/2018,14,4,62083,9117,FM-12,638,V020,280,1,N,50,1,-39,1,-65,1,,,,
39,12330,2018,1,7,7/1/2018,23,4,62083,9117,FM-12,638,V020,290,1,N,20,1,-27,1,-45,1,,,,
39,12330,2018,1,7,7/1/2018,19,4,62083,9117,FM-12,638,V020,290,1,N,20,1,-39,1,-54,1,,,,
39,12330,2018,1,7,7/1/2018,21,4,62083,9117,FM-12,638,V020,290,1,N,30,1,-35,1,-47,1,,,,
39,12330,2018,1,7,7/1/2018,20,4,62083,9117,FM-12,638,V020,290,1,N,30,1,-37,1,-49,1,,,,
39,12330,2018,1,7,7/1/2018,11,4,62083,9117,FM-12,638,V020,290,1,N,40,1,-28,1,-51,1,,,,
39,12330,2018,1,7,7/1/2018,9,4,62083,9117,FM-12,638,V020,290,1,N,40,1,-30,1,-82,1,,,,
39,12330,2018,1,7,7/1/2018,13,4,62083,9117,FM-12,638,V020,290,1,N,50,1,-37,1,-65,1,,,,
39,12330,2018,1,7,7/1/2018,7,4,62083,9117,FM-12,638,V020,310,1,N,30,1,-42,1,-97,1,,,,
39,12330,2018,1,7,7/1/2018,10,4,62083,9117,FM-12,638,V020,360,1,N,20,1,-36,1,-71,1,,,,
39,12330,2018,1,7,7/1/2018,1,4,62083,9117,FM-12,638,V020,360,1,N,20,1,-114,1,-139,1,,,,
119,12330,2018,1,8,8/1/2018,6,4,62083,9117,FM-12,638,V020,50,1,N,20,1,-42,1,-56,1,24,4,3,1
83,12330,2018,1,8,8/1/2018,12,4,62083,9117,FM-12,638,V020,360,1,N,10,1,-31,1,-62,1,6,0,9,1
83,12330,2018,1,8,8/1/2018,0,4,62083,9117,FM-12,638,V020,150,1,N,20,1,-25,1,-50,1,6,0,9,1
102,12330,2018,1,8,8/1/2018,18,4,62083,9117,FM-12,638,V020,290,1,N,10,1,-61,1,-90,1,12,0,9,1
39,12330,2018,1,8,8/1/2018,16,4,62083,9117,FM-12,638,V020,10,1,N,10,1,-48,1,-74,1,,,,
39,12330,2018,1,8,8/1/2018,8,4,62083,9117,FM-12,638,V020,10,1,N,30,1,-39,1,-51,1,,,,
39,12330,2018,1,8,8/1/2018,19,4,62083,9117,FM-12,638,V020,20,1,N,10,1,-60,1,-93,1,,,,
39,12330,2018,1,8,8/1/2018,21,4,62083,9117,FM-12,638,V020,30,1,N,10,1,-62,1,-89,1,,,,
39,12330,2018,1,8,8/1/2018,14,4,62083,9117,FM-12,638,V020,40,1,N,10,1,-32,1,-67,1,,,,
39,12330,2018,1,8,8/1/2018,10,4,62083,9117,FM-12,638,V020,50,1,N,10,1,-24,1,-55,1,,,,
39,12330,2018,1,8,8/1/2018,13,4,62083,9117,FM-12,638,V020,60,1,N,10,1,-30,1,-58,1,,,,
39,12330,2018,1,8,8/1/2018,11,4,62083,9117,FM-12,638,V020,70,1,N,10,1,-43,1,-73,1,,,,
39,12330,2018,1,8,8/1/2018,23,4,62083,9117,FM-12,638,V020,80,1,N,10,1,-75,1,-96,1,,,,
39,12330,2018,1,8,8/1/2018,7,4,62083,9117,FM-12,638,V020,100,1,N,10,1,-51,1,-65,1,,,,
39,12330,2018,1,8,8/1/2018,20,4,62083,9117,FM-12,638,V020,130,1,N,10,1,-59,1,-89,1,,,,
39,12330,2018,1,8,8/1/2018,4,4,62083,9117,FM-12,638,V020,160,1,N,10,1,-35,1,-50,1,,,,
39,12330,2018,1,8,8/1/2018,15,4,62083,9117,FM-12,638,V020,160,1,N,10,1,-44,1,-73,1,,,,
39,12330,2018,1,8,8/1/2018,22,4,62083,9117,FM-12,638,V020,180,1,N,10,1,-66,1,-90,1,,,,
39,12330,2018,1,8,8/1/2018,2,4,62083,9117,FM-12,638,V020,190,1,N,20,1,-30,1,-45,1,,,,
39,12330,2018,1,8,8/1/2018,3,4,62083,9117,FM-12,638,V020,220,1,N,30,1,-40,1,-56,1,,,,
39,12330,2018,1,8,8/1/2018,5,4,62083,9117,FM-12,638,V020,230,1,N,10,1,-45,1,-60,1,,,,
39,12330,2018,1,8,8/1/2018,1,4,62083,9117,FM-12,638,V020,270,1,N,10,1,-37,1,-52,1,,,,
39,12330,2018,1,8,8/1/2018,9,4,62083,9117,FM-12,638,V020,270,1,N,20,1,-21,1,-61,1,,,,
39,12330,2018,1,8,8/1/2018,17,4,62083,9117,FM-12,638,V020,320,1,N,10,1,-42,1,-79,1,,,,
119,12330,2018,1,9,9/1/2018,6,4,62083,9117,FM-12,638,V020,210,1,N,10,1,-110,1,-123,1,12,0,9,1
83,12330,2018,1,9,9/1/2018,12,4,62083,9117,FM-12,638,V020,170,1,N,10,1,-90,1,-111,1,6,0,9,1
83,12330,2018,1,9,9/1/2018,0,4,62083,9117,FM-12,638,V020,200,1,N,10,1,-92,1,-110,1,6,0,9,1
102,12330,2018,1,9,9/1/2018,18,4,62083,9117,FM-12,638,V020,20,1,N,10,1,-141,1,-156,1,12,0,9,1
39,12330,2018,1,9,9/1/2018,11,4,62083,9117,FM-12,638,V020,999,9,C,9999,9,-95,1,-109,1,,,,
39,12330,2018,1,9,9/1/2018,7,4,62083,9117,FM-12,638,V020,999,9,C,9999,9,-112,1,-125,1,,,,
39,12330,2018,1,9,9/1/2018,16,4,62083,9117,FM-12,638,V020,999,9,C,9999,9,-125,1,-142,1,,,,
39,12330,2018,1,9,9/1/2018,21,4,62083,9117,FM-12,638,V020,999,9,C,9999,9,-145,1,-163,1,,,,
39,12330,2018,1,9,9/1/2018,3,4,62083,9117,FM-12,638,V020,30,1,N,10,1,-93,1,-106,1,,,,
39,12330,2018,1,9,9/1/2018,1,4,62083,9117,FM-12,638,V020,80,1,N,10,1,-78,1,-93,1,,,,
39,12330,2018,1,9,9/1/2018,5,4,62083,9117,FM-12,638,V020,160,1,N,10,1,-98,1,-110,1,,,,
39,12330,2018,1,9,9/1/2018,15,4,62083,9117,FM-12,638,V020,160,1,N,10,1,-120,1,-137,1,,,,
39,12330,2018,1,9,9/1/2018,8,4,62083,9117,FM-12,638,V020,170,1,N,10,1,-117,1,-130,1,,,,
39,12330,2018,1,9,9/1/2018,17,4,62083,9117,FM-12,638,V020,180,1,N,10,1,-136,1,-152,1,,,,
39,12330,2018,1,9,9/1/2018,2,4,62083,9117,FM-12,638,V020,220,1,N,10,1,-92,1,-108,1,,,,
39,12330,2018,1,9,9/1/2018,9,4,62083,9117,FM-12,638,V020,220,1,N,10,1,-123,1,-137,1,,,,
39,12330,2018,1,9,9/1/2018,13,4,62083,9117,FM-12,638,V020,220,1,N,10,1,-131,1,-151,1,,,,
39,12330,2018,1,9,9/1/2018,22,4,62083,9117,FM-12,638,V020,220,1,N,10,1,-154,1,-171,1,,,,
39,12330,2018,1,9,9/1/2018,10,4,62083,9117,FM-12,638,V020,230,1,N,10,1,-113,1,-126,1,,,,
39,12330,2018,1,9,9/1/2018,4,4,62083,9117,FM-12,638,V020,240,1,N,10,1,-98,1,-111,1,,,,
39,12330,2018,1,9,9/1/2018,20,4,62083,9117,FM-12,638,V020,250,1,N,10,1,-143,1,-159,1,,,,
39,12330,2018,1,9,9/1/2018,14,4,62083,9117,FM-12,638,V020,260,1,N,10,1,-130,1,-148,1,,,,
39,12330,2018,1,9,9/1/2018,19,4,62083,9117,FM-12,638,V020,270,1,N,10,1,-143,1,-159,1,,,,
39,12330,2018,1,9,9/1/2018,23,4,62083,9117,FM-12,638,V020,350,1,N,10,1,-159,1,-178,1,,,,
119,12330,2018,1,10,10/1/2018,6,4,62083,9117,FM-12,638,V020,140,1,N,10,1,-143,1,-161,1,12,0,9,1
83,12330,2018,1,10,10/1/2018,0,4,62083,9117,FM-12,638,V020,220,1,N,10,1,-147,1,-165,1,6,0,9,1
83,12330,2018,1,10,10/1/2018,12,4,62083,9117,FM-12,638,V020,180,1,N,10,1,-107,1,-129,1,6,0,9,1
102,12330,2018,1,10,10/1/2018,18,4,62083,9117,FM-12,638,V020,250,1,N,10,1,-120,1,-138,1,12,0,9,1
39,12330,2018,1,10,10/1/2018,17,4,62083,9117,FM-12,638,V020,999,9,C,9999,9,-117,1,-134,1,,,,
39,12330,2018,1,10,10/1/2018,9,4,62083,9117,FM-12,638,V020,999,9,C,9999,9,-133,1,-149,1,,,,
39,12330,2018,1,10,10/1/2018,11,4,62083,9117,FM-12,638,V020,10,1,N,10,1,-125,1,-147,1,,,,
39,12330,2018,1,10,10/1/2018,3,4,62083,9117,FM-12,638,V020,40,1,N,10,1,-149,1,-167,1,,,,
39,12330,2018,1,10,10/1/2018,23,4,62083,9117,FM-12,638,V020,60,1,N,10,1,-81,1,-99,1,,,,
39,12330,2018,1,10,10/1/2018,14,4,62083,9117,FM-12,638,V020,100,1,N,10,1,-106,1,-124,1,,,,
39,12330,2018,1,10,10/1/2018,15,4,62083,9117,FM-12,638,V020,130,1,N,10,1,-98,1,-116,1,,,,
39,12330,2018,1,10,10/1/2018,10,4,62083,9117,FM-12,638,V020,150,1,N,10,1,-124,1,-141,1,,,,
39,12330,2018,1,10,10/1/2018,13,4,62083,9117,FM-12,638,V020,180,1,N,10,1,-114,1,-135,1,,,,
39,12330,2018,1,10,10/1/2018,8,4,62083,9117,FM-12,638,V020,200,1,N,10,1,-133,1,-149,1,,,,
39,12330,2018,1,10,10/1/2018,7,4,62083,9117,FM-12,638,V020,200,1,N,10,1,-134,1,-152,1,,,,
39,12330,2018,1,10,10/1/2018,2,4,62083,9117,FM-12,638,V020,200,1,N,10,1,-151,1,-168,1,,,,
39,12330,2018,1,10,10/1/2018,4,4,62083,9117,FM-12,638,V020,220,1,N,10,1,-153,1,-172,1,,,,
39,12330,2018,1,10,10/1/2018,19,4,62083,9117,FM-12,638,V020,270,1,N,10,1,-123,1,-143,1,,,,
39,12330,2018,1,10,10/1/2018,16,4,62083,9117,FM-12,638,V020,290,1,N,10,1,-112,1,-131,1,,,,
39,12330,2018,1,10,10/1/2018,21,4,62083,9117,FM-12,638,V020,290,1,N,10,1,-116,1,-134,1,,,,
39,12330,2018,1,10,10/1/2018,5,4,62083,9117,FM-12,638,V020,290,1,N,10,1,-151,1,-168,1,,,,
39,12330,2018,1,10,10/1/2018,20,4,62083,9117,FM-12,638,V020,300,1,N,10,1,-129,1,-147,1,,,,
39,12330,2018,1,10,10/1/2018,1,4,62083,9117,FM-12,638,V020,300,1,N,10,1,-152,1,-169,1,,,,
39,12330,2018,1,10,10/1/2018,22,4,62083,9117,FM-12,638,V020,320,1,N,10,1,-93,1,-110,1,,,,
119,12330,2018,1,11,11/1/2018,6,4,62083,9117,FM-12,638,V020,70,1,N,10,1,-35,1,-55,1,12,0,9,1
102,12330,2018,1,11,11/1/2018,18,4,62083,9117,FM-12,638,V020,170,1,N,10,1,-53,1,-61,1,12,10,3,1
83,12330,2018,1,11,11/1/2018,0,4,62083,9117,FM-12,638,V020,290,1,N,10,1,-106,1,-124,1,6,0,9,1
83,12330,2018,1,11,11/1/2018,12,4,62083,9117,FM-12,638,V020,10,1,N,10,1,-45,1,-55,1,6,10,3,1
39,12330,2018,1,11,11/1/2018,17,4,62083,9117,FM-12,638,V020,999,9,C,9999,9,-45,1,-53,1,,,,
39,12330,2018,1,11,11/1/2018,16,4,62083,9117,FM-12,638,V020,999,9,C,9999,9,-45,1,-55,1,,,,
39,12330,2018,1,11,11/1/2018,10,4,62083,9117,FM-12,638,V020,70,1,N,10,1,-43,1,-54,1,,,,
39,12330,2018,1,11,11/1/2018,4,4,62083,9117,FM-12,638,V020,80,1,N,10,1,-42,1,-62,1,,,,
39,12330,2018,1,11,11/1/2018,23,4,62083,9117,FM-12,638,V020,80,1,N,10,1,-69,1,-77,1,,,,
39,12330,2018,1,11,11/1/2018,7,4,62083,9117,FM-12,638,V020,130,1,N,10,1,-36,1,-56,1,,,,
39,12330,2018,1,11,11/1/2018,8,4,62083,9117,FM-12,638,V020,140,1,N,10,1,-43,1,-59,1,,,,
39,12330,2018,1,11,11/1/2018,2,4,62083,9117,FM-12,638,V020,150,1,N,30,1,-55,1,-87,1,,,,
39,12330,2018,1,11,11/1/2018,11,4,62083,9117,FM-12,638,V020,160,1,N,20,1,-46,1,-57,1,,,,
39,12330,2018,1,11,11/1/2018,20,4,62083,9117,FM-12,638,V020,200,1,N,10,1,-60,1,-68,1,,,,
39,12330,2018,1,11,11/1/2018,15,4,62083,9117,FM-12,638,V020,220,1,N,10,1,-38,1,-48,1,,,,
39,12330,2018,1,11,11/1/2018,14,4,62083,9117,FM-12,638,V020,230,1,N,10,1,-38,1,-48,1,,,,
39,12330,2018,1,11,11/1/2018,1,4,62083,9117,FM-12,638,V020,240,1,N,10,1,-75,1,-96,1,,,,
39,12330,2018,1,11,11/1/2018,13,4,62083,9117,FM-12,638,V020,250,1,N,10,1,-40,1,-50,1,,,,
39,12330,2018,1,11,11/1/2018,3,4,62083,9117,FM-12,638,V020,260,1,N,20,1,-52,1,-76,1,,,,
39,12330,2018,1,11,11/1/2018,5,4,62083,9117,FM-12,638,V020,270,1,N,10,1,-38,1,-63,1,,,,
39,12330,2018,1,11,11/1/2018,19,4,62083,9117,FM-12,638,V020,270,1,N,10,1,-53,1,-61,1,,,,
39,12330,2018,1,11,11/1/2018,21,4,62083,9117,FM-12,638,V020,270,1,N,10,1,-62,1,-70,1,,,,
39,12330,2018,1,11,11/1/2018,22,4,62083,9117,FM-12,638,V020,270,1,N,10,1,-63,1,-71,1,,,,
39,12330,2018,1,11,11/1/2018,9,4,62083,9117,FM-12,638,V020,290,1,N,10,1,-48,1,-60,1,,,,
119,12330,2018,1,12,12/1/2018,6,4,62083,9117,FM-12,638,V020,40,1,N,20,1,-69,1,-79,1,24,13,3,1
83,12330,2018,1,12,12/1/2018,0,4,62083,9117,FM-12,638,V020,270,1,N,10,1,-74,1,-82,1,6,0,9,1
83,12330,2018,1,12,12/1/2018,12,4,62083,9117,FM-12,638,V020,60,1,N,20,1,-73,1,-83,1,6,0,9,1
102,12330,2018,1,12,12/1/2018,18,4,62083,9117,FM-12,638,V020,270,1,N,10,1,-68,1,-78,1,12,0,9,1
39,12330,2018,1,12,12/1/2018,2,4,62083,9117,FM-12,638,V020,999,9,C,9999,9,-72,1,-82,1,,,,
39,12330,2018,1,12,12/1/2018,1,4,62083,9117,FM-12,638,V020,999,9,C,9999,9,-74,1,-84,1,,,,
39,12330,2018,1,12,12/1/2018,16,4,62083,9117,FM-12,638,V020,40,1,N,10,1,-73,1,-83,1,,,,
39,12330,2018,1,12,12/1/2018,13,4,62083,9117,FM-12,638,V020,50,1,N,10,1,-73,1,-83,1,,,,
39,12330,2018,1,12,12/1/2018,14,4,62083,9117,FM-12,638,V020,50,1,N,20,1,-75,1,-85,1,,,,
39,12330,2018,1,12,12/1/2018,7,4,62083,9117,FM-12,638,V020,50,1,N,20,1,-77,1,-87,1,,,,
39,12330,2018,1,12,12/1/2018,8,4,62083,9117,FM-12,638,V020,50,1,N,30,1,-75,1,-85,1,,,,
39,12330,2018,1,12,12/1/2018,15,4,62083,9117,FM-12,638,V020,60,1,N,10,1,-74,1,-84,1,,,,
39,12330,2018,1,12,12/1/2018,4,4,62083,9117,FM-12,638,V020,60,1,N,20,1,-66,1,-76,1,,,,
39,12330,2018,1,12,12/1/2018,9,4,62083,9117,FM-12,638,V020,60,1,N,20,1,-74,1,-84,1,,,,
39,12330,2018,1,12,12/1/2018,5,4,62083,9117,FM-12,638,V020,60,1,N,30,1,-64,1,-72,1,,,,
39,12330,2018,1,12,12/1/2018,11,4,62083,9117,FM-12,638,V020,80,1,N,20,1,-74,1,-84,1,,,,
39,12330,2018,1,12,12/1/2018,10,4,62083,9117,FM-12,638,V020,100,1,N,10,1,-72,1,-82,1,,,,
39,12330,2018,1,12,12/1/2018,20,4,62083,9117,FM-12,638,V020,160,1,N,30,1,-59,1,-67,1,,,,
39,12330,2018,1,12,12/1/2018,22,4,62083,9117,FM-12,638,V020,160,1,N,40,1,-57,1,-65,1,,,,
39,12330,2018,1,12,12/1/2018,21,4,62083,9117,FM-12,638,V020,170,1,N,20,1,-61,1,-69,1,,,,
39,12330,2018,1,12,12/1/2018,23,4,62083,9117,FM-12,638,V020,170,1,N,40,1,-65,1,-75,1,,,,
39,12330,2018,1,12,12/1/2018,17,4,62083,9117,FM-12,638,V020,190,1,N,10,1,-68,1,-78,1,,,,
39,12330,2018,1,12,12/1/2018,19,4,62083,9117,FM-12,638,V020,240,1,N,10,1,-66,1,-76,1,,,,
39,12330,2018,1,12,12/1/2018,3,4,62083,9117,FM-12,638,V020,350,1,N,10,1,-71,1,-81,1,,,,
119,12330,2018,1,13,13/1/2018,6,4,62083,9117,FM-12,638,V020,160,1,N,30,1,-82,1,-98,1,12,0,9,1
83,12330,2018,1,13,13/1/2018,0,4,62083,9117,FM-12,638,V020,160,1,N,30,1,-63,1,-74,1,6,0,9,1
83,12330,2018,1,13,13/1/2018,12,4,62083,9117,FM-12,638,V020,150,1,N,60,1,-91,1,-109,1,6,0,9,1
102,12330,2018,1,13,13/1/2018,18,4,62083,9117,FM-12,638,V020,150,1,N,20,1,-101,1,-120,1,12,0,9,1
39,12330,2018,1,13,13/1/2018,19,4,62083,9117,FM-12,638,V020,30,1,N,10,1,-103,1,-124,1,,,,
39,12330,2018,1,13,13/1/2018,20,4,62083,9117,FM-12,638,V020,100,1,N,20,1,-103,1,-124,1,,,,
39,12330,2018,1,13,13/1/2018,2,4,62083,9117,FM-12,638,V020,120,1,N,30,1,-69,1,-84,1,,,,
39,12330,2018,1,13,13/1/2018,10,4,62083,9117,FM-12,638,V020,130,1,N,40,1,-90,1,-110,1,,,,
39,12330,2018,1,13,13/1/2018,4,4,62083,9117,FM-12,638,V020,140,1,N,60,1,-73,1,-90,1,,,,
39,12330,2018,1,13,13/1/2018,7,4,62083,9117,FM-12,638,V020,150,1,N,40,1,-82,1,-98,1,,,,
39,12330,2018,1,13,13/1/2018,3,4,62083,9117,FM-12,638,V020,150,1,N,50,1,-72,1,-87,1,,,,
39,12330,2018,1,13,13/1/2018,9,4,62083,9117,FM-12,638,V020,150,1,N,50,1,-90,1,-107,1,,,,
39,12330,2018,1,13,13/1/2018,11,4,62083,9117,FM-12,638,V020,150,1,N,70,1,-92,1,-110,1,,,,
39,12330,2018,1,13,13/1/2018,14,4,62083,9117,FM-12,638,V020,160,1,N,20,1,-92,1,-110,1,,,,
39,12330,2018,1,13,13/1/2018,1,4,62083,9117,FM-12,638,V020,160,1,N,30,1,-66,1,-78,1,,,,
39,12330,2018,1,13,13/1/2018,5,4,62083,9117,FM-12,638,V020,160,1,N,40,1,-81,1,-98,1,,,,
39,12330,2018,1,13,13/1/2018,8,4,62083,9117,FM-12,638,V020,160,1,N,40,1,-86,1,-102,1,,,,
39,12330,2018,1,13,13/1/2018,13,4,62083,9117,FM-12,638,V020,160,1,N,40,1,-93,1,-111,1,,,,
39,12330,2018,1,13,13/1/2018,17,4,62083,9117,FM-12,638,V020,160,1,N,40,1,-99,1,-119,1,,,,
39,12330,2018,1,13,13/1/2018,15,4,62083,9117,FM-12,638,V020,170,1,N,20,1,-96,1,-114,1,,,,
39,12330,2018,1,13,13/1/2018,16,4,62083,9117,FM-12,638,V020,180,1,N,20,1,-100,1,-117,1,,,,
39,12330,2018,1,13,13/1/2018,23,4,62083,9117,FM-12,638,V020,190,1,N,10,1,-94,1,-116,1,,,,
39,12330,2018,1,13,13/1/2018,21,4,62083,9117,FM-12,638,V020,280,1,N,30,1,-99,1,-124,1,,,,
39,12330,2018,1,13,13/1/2018,22,4,62083,9117,FM-12,638,V020,320,1,N,10,1,-106,1,-128,1,,,,
119,12330,2018,1,14,14/1/2018,6,4,62083,9117,FM-12,638,V020,320,1,N,10,1,-87,1,-107,1,12,0,9,1
83,12330,2018,1,14,14/1/2018,0,4,62083,9117,FM-12,638,V020,140,1,N,20,1,-87,1,-109,1,6,0,9,1
83,12330,2018,1,14,14/1/2018,12,4,62083,9117,FM-12,638,V020,170,1,N,50,1,-58,1,-91,1,6,0,9,1
102,12330,2018,1,14,14/1/2018,18,4,62083,9117,FM-12,638,V020,150,1,N,110,1,-56,1,-94,1,12,0,9,1
39,12330,2018,1,14,14/1/2018,4,4,62083,9117,FM-12,638,V020,120,1,N,20,1,-86,1,-110,1,,,,
39,12330,2018,1,14,14/1/2018,23,4,62083,9117,FM-12,638,V020,130,1,N,80,1,-50,1,-88,1,,,,
39,12330,2018,1,14,14/1/2018,22,4,62083,9117,FM-12,638,V020,140,1,N,90,1,-55,1,-88,1,,,,
39,12330,2018,1,14,14/1/2018,8,4,62083,9117,FM-12,638,V020,150,1,N,40,1,-79,1,-103,1,,,,
39,12330,2018,1,14,14/1/2018,21,4,62083,9117,FM-12,638,V020,150,1,N,60,1,-54,1,-90,1,,,,
39,12330,2018,1,14,14/1/2018,10,4,62083,9117,FM-12,638,V020,150,1,N,60,1,-64,1,-92,1,,,,
39,12330,2018,1,14,14/1/2018,20,4,62083,9117,FM-12,638,V020,150,1,N,80,1,-52,1,-93,1,,,,
39,12330,2018,1,14,14/1/2018,17,4,62083,9117,FM-12,638,V020,150,1,N,90,1,-59,1,-95,1,,,,
39,12330,2018,1,14,14/1/2018,13,4,62083,9117,FM-12,638,V020,160,1,N,30,1,-58,1,-90,1,,,,
39,12330,2018,1,14,14/1/2018,14,4,62083,9117,FM-12,638,V020,160,1,N,40,1,-60,1,-93,1,,,,
39,12330,2018,1,14,14/1/2018,3,4,62083,9117,FM-12,638,V020,160,1,N,40,1,-87,1,-109,1,,,,
39,12330,2018,1,14,14/1/2018,19,4,62083,9117,FM-12,638,V020,160,1,N,60,1,-54,1,-93,1,,,,
39,12330,2018,1,14,14/1/2018,16,4,62083,9117,FM-12,638,V020,160,1,N,70,1,-60,1,-98,1,,,,
39,12330,2018,1,14,14/1/2018,7,4,62083,9117,FM-12,638,V020,190,1,N,30,1,-85,1,-102,1,,,,
39,12330,2018,1,14,14/1/2018,15,4,62083,9117,FM-12,638,V020,190,1,N,40,1,-60,1,-95,1,,,,
39,12330,2018,1,14,14/1/2018,11,4,62083,9117,FM-12,638,V020,200,1,N,20,1,-64,1,-92,1,,,,
39,12330,2018,1,14,14/1/2018,2,4,62083,9117,FM-12,638,V020,220,1,N,20,1,-94,1,-115,1,,,,
39,12330,2018,1,14,14/1/2018,1,4,62083,9117,FM-12,638,V020,280,1,N,10,1,-89,1,-110,1,,,,
39,12330,2018,1,14,14/1/2018,9,4,62083,9117,FM-12,638,V020,300,1,N,10,1,-79,1,-100,1,,,,
39,12330,2018,1,14,14/1/2018,5,4,62083,9117,FM-12,638,V020,300,1,N,20,1,-94,1,-115,1,,,,
119,12330,2018,1,15,15/1/2018,6,4,62083,9117,FM-12,638,V020,260,1,N,50,1,-38,1,-70,1,24,3,3,1
102,12330,2018,1,15,15/1/2018,18,4,62083,9117,FM-12,638,V020,160,1,N,100,1,-57,1,-72,1,12,5,3,1
83,12330,2018,1,15,15/1/2018,0,4,62083,9117,FM-12,638,V020,140,1,N,90,1,-49,1,-90,1,6,0,9,1
83,12330,2018,1,15,15/1/2018,12,4,62083,9117,FM-12,638,V020,300,1,N,50,1,-55,1,-70,1,6,2,3,1
39,12330,2018,1,15,15/1/2018,2,4,62083,9117,FM-12,638,V020,110,1,N,70,1,-43,1,-83,1,,,,
39,12330,2018,1,15,15/1/2018,13,4,62083,9117,FM-12,638,V020,130,1,N,40,1,-56,1,-78,1,,,,
39,12330,2018,1,15,15/1/2018,8,4,62083,9117,FM-12,638,V020,130,1,N,120,1,-41,1,-73,1,,,,
39,12330,2018,1,15,15/1/2018,1,4,62083,9117,FM-12,638,V020,130,1,N,120,1,-46,1,-87,1,,,,
39,12330,2018,1,15,15/1/2018,9,4,62083,9117,FM-12,638,V020,140,1,N,100,1,-43,1,-73,1,,,,
39,12330,2018,1,15,15/1/2018,10,4,62083,9117,FM-12,638,V020,140,1,N,100,1,-49,1,-72,1,,,,
39,12330,2018,1,15,15/1/2018,7,4,62083,9117,FM-12,638,V020,150,1,N,50,1,-40,1,-73,1,,,,
39,12330,2018,1,15,15/1/2018,16,4,62083,9117,FM-12,638,V020,150,1,N,70,1,-54,1,-78,1,,,,
39,12330,2018,1,15,15/1/2018,4,4,62083,9117,FM-12,638,V020,150,1,N,80,1,-42,1,-74,1,,,,
39,12330,2018,1,15,15/1/2018,11,4,62083,9117,FM-12,638,V020,150,1,N,90,1,-54,1,-70,1,,,,
39,12330,2018,1,15,15/1/2018,19,4,62083,9117,FM-12,638,V020,150,1,N,90,1,-55,1,-69,1,,,,
39,12330,2018,1,15,15/1/2018,22,4,62083,9117,FM-12,638,V020,150,1,N,100,1,-57,1,-67,1,,,,
39,12330,2018,1,15,15/1/2018,15,4,62083,9117,FM-12,638,V020,150,1,N,100,1,-57,1,-77,1,,,,
39,12330,2018,1,15,15/1/2018,14,4,62083,9117,FM-12,638,V020,160,1,N,70,1,-56,1,-76,1,,,,
39,12330,2018,1,15,15/1/2018,20,4,62083,9117,FM-12,638,V020,160,1,N,80,1,-54,1,-69,1,,,,
39,12330,2018,1,15,15/1/2018,17,4,62083,9117,FM-12,638,V020,160,1,N,110,1,-52,1,-76,1,,,,
39,12330,2018,1,15,15/1/2018,23,4,62083,9117,FM-12,638,V020,160,1,N,110,1,-54,1,-64,1,,,,
39,12330,2018,1,15,15/1/2018,3,4,62083,9117,FM-12,638,V020,170,1,N,100,1,-40,1,-78,1,,,,
39,12330,2018,1,15,15/1/2018,21,4,62083,9117,FM-12,638,V020,180,1,N,60,1,-58,1,-70,1,,,,
39,12330,2018,1,15,15/1/2018,5,4,62083,9117,FM-12,638,V020,350,1,N,40,1,-42,1,-74,1,,,,
119,12330,2018,1,16,16/1/2018,6,4,62083,9117,FM-12,638,V020,170,1,N,30,1,-46,1,-54,1,24,12,3,1
102,12330,2018,1,16,16/1/2018,18,4,62083,9117,FM-12,638,V020,170,1,N,20,1,-44,1,-56,1,12,10,3,1
83,12330,2018,1,16,16/1/2018,0,4,62083,9117,FM-12,638,V020,160,1,N,100,1,-54,1,-64,1,6,2,3,1
83,12330,2018,1,16,16/1/2018,12,4,62083,9117,FM-12,638,V020,160,1,N,70,1,-44,1,-55,1,6,10,3,1
39,12330,2018,1,16,16/1/2018,22,4,62083,9117,FM-12,638,V020,140,1,N,10,1,-44,1,-55,1,,,,
39,12330,2018,1,16,16/1/2018,9,4,62083,9117,FM-12,638,V020,140,1,N,60,1,-45,1,-55,1,,,,
39,12330,2018,1,16,16/1/2018,8,4,62083,9117,FM-12,638,V020,140,1,N,60,1,-46,1,-54,1,,,,
39,12330,2018,1,16,16/1/2018,19,4,62083,9117,FM-12,638,V020,150,1,N,40,1,-43,1,-55,1,,,,
39,12330,2018,1,16,16/1/2018,14,4,62083,9117,FM-12,638,V020,150,1,N,40,1,-44,1,-54,1,,,,
39,12330,2018,1,16,16/1/2018,16,4,62083,9117,FM-12,638,V020,150,1,N,50,1,-42,1,-51,1,,,,
39,12330,2018,1,16,16/1/2018,17,4,62083,9117,FM-12,638,V020,150,1,N,50,1,-42,1,-53,1,,,,
39,12330,2018,1,16,16/1/2018,11,4,62083,9117,FM-12,638,V020,150,1,N,70,1,-44,1,-55,1,,,,
39,12330,2018,1,16,16/1/2018,10,4,62083,9117,FM-12,638,V020,150,1,N,70,1,-45,1,-56,1,,,,
39,12330,2018,1,16,16/1/2018,2,4,62083,9117,FM-12,638,V020,150,1,N,70,1,-50,1,-58,1,,,,
39,12330,2018,1,16,16/1/2018,1,4,62083,9117,FM-12,638,V020,150,1,N,80,1,-53,1,-61,1,,,,
39,12330,2018,1,16,16/1/2018,3,4,62083,9117,FM-12,638,V020,150,1,N,90,1,-46,1,-57,1,,,,
39,12330,2018,1,16,16/1/2018,21,4,62083,9117,FM-12,638,V020,160,1,N,20,1,-45,1,-57,1,,,,
39,12330,2018,1,16,16/1/2018,7,4,62083,9117,FM-12,638,V020,160,1,N,40,1,-45,1,-53,1,,,,
39,12330,2018,1,16,16/1/2018,13,4,62083,9117,FM-12,638,V020,160,1,N,50,1,-43,1,-55,1,,,,
39,12330,2018,1,16,16/1/2018,5,4,62083,9117,FM-12,638,V020,160,1,N,50,1,-46,1,-54,1,,,,
39,12330,2018,1,16,16/1/2018,4,4,62083,9117,FM-12,638,V020,160,1,N,60,1,-42,1,-54,1,,,,
39,12330,2018,1,16,16/1/2018,23,4,62083,9117,FM-12,638,V020,170,1,N,20,1,-44,1,-55,1,,,,
39,12330,2018,1,16,16/1/2018,15,4,62083,9117,FM-12,638,V020,170,1,N,20,1,-46,1,-54,1,,,,
39,12330,2018,1,16,16/1/2018,20,4,62083,9117,FM-12,638,V020,180,1,N,20,1,-46,1,-58,1,,,,
119,12330,2018,1,17,17/1/2018,6,4,62083,9117,FM-12,638,V020,140,1,N,20,1,-40,1,-59,1,24,12,3,1
83,12330,2018,1,17,17/1/2018,12,4,62083,9117,FM-12,638,V020,80,1,N,10,1,-43,1,-70,1,6,0,9,1
83,12330,2018,1,17,17/1/2018,0,4,62083,9117,FM-12,638,V020,140,1,N,70,1,-38,1,-58,1,6,0,9,1
102,12330,2018,1,17,17/1/2018,18,4,62083,9117,FM-12,638,V020,240,1,N,10,1,-59,1,-76,1,12,0,9,1
39,12330,2018,1,17,17/1/2018,15,4,62083,9117,FM-12,638,V020,999,9,C,9999,9,-49,1,-73,1,,,,
39,12330,2018,1,17,17/1/2018,16,4,62083,9117,FM-12,638,V020,30,1,N,20,1,-47,1,-73,1,,,,
39,12330,2018,1,17,17/1/2018,14,4,62083,9117,FM-12,638,V020,50,1,N,10,1,-43,1,-68,1,,,,
39,12330,2018,1,17,17/1/2018,5,4,62083,9117,FM-12,638,V020,60,1,N,20,1,-40,1,-58,1,,,,
39,12330,2018,1,17,17/1/2018,7,4,62083,9117,FM-12,638,V020,70,1,N,10,1,-44,1,-60,1,,,,
39,12330,2018,1,17,17/1/2018,13,4,62083,9117,FM-12,638,V020,80,1,N,10,1,-42,1,-71,1,,,,
39,12330,2018,1,17,17/1/2018,20,4,62083,9117,FM-12,638,V020,80,1,N,10,1,-67,1,-87,1,,,,
39,12330,2018,1,17,17/1/2018,8,4,62083,9117,FM-12,638,V020,120,1,N,10,1,-43,1,-59,1,,,,
39,12330,2018,1,17,17/1/2018,9,4,62083,9117,FM-12,638,V020,130,1,N,20,1,-41,1,-60,1,,,,
39,12330,2018,1,17,17/1/2018,3,4,62083,9117,FM-12,638,V020,130,1,N,70,1,-42,1,-62,1,,,,
39,12330,2018,1,17,17/1/2018,4,4,62083,9117,FM-12,638,V020,140,1,N,30,1,-42,1,-60,1,,,,
39,12330,2018,1,17,17/1/2018,22,4,62083,9117,FM-12,638,V020,150,1,N,10,1,-72,1,-89,1,,,,
39,12330,2018,1,17,17/1/2018,2,4,62083,9117,FM-12,638,V020,150,1,N,40,1,-40,1,-62,1,,,,
39,12330,2018,1,17,17/1/2018,1,4,62083,9117,FM-12,638,V020,150,1,N,70,1,-38,1,-61,1,,,,
39,12330,2018,1,17,17/1/2018,21,4,62083,9117,FM-12,638,V020,190,1,N,10,1,-70,1,-89,1,,,,
39,12330,2018,1,17,17/1/2018,23,4,62083,9117,FM-12,638,V020,230,1,N,10,1,-75,1,-90,1,,,,
39,12330,2018,1,17,17/1/2018,19,4,62083,9117,FM-12,638,V020,250,1,N,10,1,-69,1,-88,1,,,,
39,12330,2018,1,17,17/1/2018,17,4,62083,9117,FM-12,638,V020,260,1,N,10,1,-53,1,-79,1,,,,
39,12330,2018,1,17,17/1/2018,11,4,62083,9117,FM-12,638,V020,270,1,N,10,1,-44,1,-63,1,,,,
39,12330,2018,1,17,17/1/2018,10,4,62083,9117,FM-12,638,V020,270,1,N,10,1,-45,1,-67,1,,,,
119,12330,2018,1,18,18/1/2018,6,4,62083,9117,FM-12,638,V020,130,1,N,50,1,-68,1,-94,1,12,0,9,1
83,12330,2018,1,18,18/1/2018,0,4,62083,9117,FM-12,638,V020,290,1,N,10,1,-77,1,-90,1,6,0,9,1
83,12330,2018,1,18,18/1/2018,12,4,62083,9117,FM-12,638,V020,140,1,N,40,1,-73,1,-106,1,6,0,9,1
102,12330,2018,1,18,18/1/2018,18,4,62083,9117,FM-12,638,V020,280,1,N,10,1,-85,1,-112,1,12,0,9,1
39,12330,2018,1,18,18/1/2018,3,4,62083,9117,FM-12,638,V020,130,1,N,20,1,-66,1,-82,1,,,,
39,12330,2018,1,18,18/1/2018,9,4,62083,9117,FM-12,638,V020,130,1,N,30,1,-71,1,-98,1,,,,
39,12330,2018,1,18,18/1/2018,14,4,62083,9117,FM-12,638,V020,130,1,N,50,1,-73,1,-106,1,,,,
39,12330,2018,1,18,18/1/2018,10,4,62083,9117,FM-12,638,V020,140,1,N,30,1,-75,1,-103,1,,,,
39,12330,2018,1,18,18/1/2018,16,4,62083,9117,FM-12,638,V020,150,1,N,20,1,-80,1,-110,1,,,,
39,12330,2018,1,18,18/1/2018,17,4,62083,9117,FM-12,638,V020,150,1,N,30,1,-78,1,-108,1,,,,
39,12330,2018,1,18,18/1/2018,13,4,62083,9117,FM-12,638,V020,150,1,N,50,1,-74,1,-105,1,,,,
39,12330,2018,1,18,18/1/2018,5,4,62083,9117,FM-12,638,V020,160,1,N,30,1,-67,1,-90,1,,,,
39,12330,2018,1,18,18/1/2018,7,4,62083,9117,FM-12,638,V020,160,1,N,30,1,-69,1,-94,1,,,,
39,12330,2018,1,18,18/1/2018,15,4,62083,9117,FM-12,638,V020,160,1,N,30,1,-75,1,-108,1,,,,
39,12330,2018,1,18,18/1/2018,8,4,62083,9117,FM-12,638,V020,160,1,N,40,1,-72,1,-99,1,,,,
39,12330,2018,1,18,18/1/2018,11,4,62083,9117,FM-12,638,V020,160,1,N,40,1,-74,1,-104,1,,,,
39,12330,2018,1,18,18/1/2018,1,4,62083,9117,FM-12,638,V020,170,1,N,10,1,-79,1,-94,1,,,,
39,12330,2018,1,18,18/1/2018,2,4,62083,9117,FM-12,638,V020,180,1,N,10,1,-75,1,-91,1,,,,
39,12330,2018,1,18,18/1/2018,4,4,62083,9117,FM-12,638,V020,190,1,N,30,1,-67,1,-90,1,,,,
39,12330,2018,1,18,18/1/2018,23,4,62083,9117,FM-12,638,V020,200,1,N,10,1,-95,1,-115,1,,,,
39,12330,2018,1,18,18/1/2018,21,4,62083,9117,FM-12,638,V020,200,1,N,10,1,-97,1,-118,1,,,,
39,12330,2018,1,18,18/1/2018,22,4,62083,9117,FM-12,638,V020,210,1,N,20,1,-92,1,-113,1,,,,
39,12330,2018,1,18,18/1/2018,20,4,62083,9117,FM-12,638,V020,230,1,N,10,1,-91,1,-113,1,,,,
39,12330,2018,1,18,18/1/2018,19,4,62083,9117,FM-12,638,V020,240,1,N,10,1,-93,1,-115,1,,,,
119,12330,2018,1,19,19/1/2018,6,4,62083,9117,FM-12,638,V020,130,1,N,20,1,-86,1,-108,1,12,0,9,1
83,12330,2018,1,19,19/1/2018,0,4,62083,9117,FM-12,638,V020,160,1,N,20,1,-87,1,-104,1,6,0,9,1
83,12330,2018,1,19,19/1/2018,12,4,62083,9117,FM-12,638,V020,180,1,N,10,1,-83,1,-111,1,6,0,9,1
102,12330,2018,1,19,19/1/2018,18,4,62083,9117,FM-12,638,V020,300,1,N,10,1,-90,1,-108,1,12,0,9,1
39,12330,2018,1,19,19/1/2018,22,4,62083,9117,FM-12,638,V020,20,1,N,10,1,-92,1,-106,1,,,,
39,12330,2018,1,19,19/1/2018,17,4,62083,9117,FM-12,638,V020,70,1,N,10,1,-101,1,-115,1,,,,
39,12330,2018,1,19,19/1/2018,16,4,62083,9117,FM-12,638,V020,130,1,N,10,1,-108,1,-126,1,,,,
39,12330,2018,1,19,19/1/2018,5,4,62083,9117,FM-12,638,V020,130,1,N,30,1,-90,1,-104,1,,,,
39,12330,2018,1,19,19/1/2018,4,4,62083,9117,FM-12,638,V020,140,1,N,10,1,-99,1,-113,1,,,,
39,12330,2018,1,19,19/1/2018,1,4,62083,9117,FM-12,638,V020,150,1,N,20,1,-89,1,-106,1,,,,
39,12330,2018,1,19,19/1/2018,23,4,62083,9117,FM-12,638,V020,160,1,N,10,1,-84,1,-97,1,,,,
39,12330,2018,1,19,19/1/2018,10,4,62083,9117,FM-12,638,V020,180,1,N,10,1,-89,1,-110,1,,,,
39,12330,2018,1,19,19/1/2018,2,4,62083,9117,FM-12,638,V020,180,1,N,10,1,-94,1,-111,1,,,,
39,12330,2018,1,19,19/1/2018,3,4,62083,9117,FM-12,638,V020,180,1,N,10,1,-98,1,-114,1,,,,
39,12330,2018,1,19,19/1/2018,14,4,62083,9117,FM-12,638,V020,180,1,N,20,1,-92,1,-118,1,,,,
39,12330,2018,1,19,19/1/2018,7,4,62083,9117,FM-12,638,V020,180,1,N,20,1,-107,1,-126,1,,,,
39,12330,2018,1,19,19/1/2018,15,4,62083,9117,FM-12,638,V020,190,1,N,20,1,-103,1,-124,1,,,,
39,12330,2018,1,19,19/1/2018,11,4,62083,9117,FM-12,638,V020,210,1,N,10,1,-89,1,-114,1,,,,
39,12330,2018,1,19,19/1/2018,21,4,62083,9117,FM-12,638,V020,220,1,N,10,1,-91,1,-105,1,,,,
39,12330,2018,1,19,19/1/2018,20,4,62083,9117,FM-12,638,V020,220,1,N,10,1,-93,1,-107,1,,,,
39,12330,2018,1,19,19/1/2018,8,4,62083,9117,FM-12,638,V020,220,1,N,10,1,-106,1,-127,1,,,,
39,12330,2018,1,19,19/1/2018,9,4,62083,9117,FM-12,638,V020,220,1,N,20,1,-99,1,-116,1,,,,
39,12330,2018,1,19,19/1/2018,13,4,62083,9117,FM-12,638,V020,230,1,N,10,1,-86,1,-111,1,,,,
39,12330,2018,1,19,19/1/2018,19,4,62083,9117,FM-12,638,V020,230,1,N,10,1,-95,1,-112,1,,,,
119,12330,2018,1,20,20/1/2018,6,4,62083,9117,FM-12,638,V020,300,1,N,10,1,-74,1,-89,1,12,0,9,1
83,12330,2018,1,20,20/1/2018,0,4,62083,9117,FM-12,638,V020,290,1,N,10,1,-90,1,-103,1,6,0,9,1
83,12330,2018,1,20,20/1/2018,12,4,62083,9117,FM-12,638,V020,150,1,N,70,1,-59,1,-83,1,6,0,9,1
102,12330,2018,1,20,20/1/2018,18,4,62083,9117,FM-12,638,V020,150,1,N,30,1,-62,1,-93,1,12,0,9,1
39,12330,2018,1,20,20/1/2018,22,4,62083,9117,FM-12,638,V020,100,1,N,10,1,-70,1,-90,1,,,,
39,12330,2018,1,20,20/1/2018,17,4,62083,9117,FM-12,638,V020,150,1,N,10,1,-62,1,-93,1,,,,
39,12330,2018,1,20,20/1/2018,14,4,62083,9117,FM-12,638,V020,150,1,N,50,1,-56,1,-94,1,,,,
39,12330,2018,1,20,20/1/2018,10,4,62083,9117,FM-12,638,V020,150,1,N,60,1,-56,1,-80,1,,,,
39,12330,2018,1,20,20/1/2018,3,4,62083,9117,FM-12,638,V020,160,1,N,10,1,-86,1,-99,1,,,,
39,12330,2018,1,20,20/1/2018,13,4,62083,9117,FM-12,638,V020,160,1,N,30,1,-58,1,-85,1,,,,
39,12330,2018,1,20,20/1/2018,23,4,62083,9117,FM-12,638,V020,160,1,N,30,1,-72,1,-93,1,,,,
39,12330,2018,1,20,20/1/2018,11,4,62083,9117,FM-12,638,V020,160,1,N,50,1,-60,1,-86,1,,,,
39,12330,2018,1,20,20/1/2018,19,4,62083,9117,FM-12,638,V020,170,1,N,10,1,-68,1,-96,1,,,,
39,12330,2018,1,20,20/1/2018,16,4,62083,9117,FM-12,638,V020,180,1,N,20,1,-63,1,-94,1,,,,
39,12330,2018,1,20,20/1/2018,8,4,62083,9117,FM-12,638,V020,210,1,N,10,1,-69,1,-88,1,,,,
39,12330,2018,1,20,20/1/2018,2,4,62083,9117,FM-12,638,V020,220,1,N,10,1,-88,1,-102,1,,,,
39,12330,2018,1,20,20/1/2018,4,4,62083,9117,FM-12,638,V020,230,1,N,10,1,-82,1,-95,1,,,,
39,12330,2018,1,20,20/1/2018,15,4,62083,9117,FM-12,638,V020,250,1,N,10,1,-63,1,-96,1,,,,
39,12330,2018,1,20,20/1/2018,20,4,62083,9117,FM-12,638,V020,250,1,N,10,1,-68,1,-95,1,,,,
39,12330,2018,1,20,20/1/2018,21,4,62083,9117,FM-12,638,V020,260,1,N,10,1,-68,1,-89,1,,,,
39,12330,2018,1,20,20/1/2018,9,4,62083,9117,FM-12,638,V020,260,1,N,20,1,-67,1,-87,1,,,,
39,12330,2018,1,20,20/1/2018,7,4,62083,9117,FM-12,638,V020,290,1,N,10,1,-72,1,-88,1,,,,
39,12330,2018,1,20,20/1/2018,5,4,62083,9117,FM-12,638,V020,290,1,N,10,1,-78,1,-93,1,,,,
39,12330,2018,1,20,20/1/2018,1,4,62083,9117,FM-12,638,V020,300,1,N,10,1,-88,1,-101,1,,,,
119,12330,2018,1,21,21/1/2018,6,4,62083,9117,FM-12,638,V020,80,1,N,10,1,-97,1,-113,1,12,0,9,1
83,12330,2018,1,21,21/1/2018,12,4,62083,9117,FM-12,638,V020,170,1,N,30,1,-107,1,-129,1,6,0,9,1
83,12330,2018,1,21,21/1/2018,0,4,62083,9117,FM-12,638,V020,150,1,N,30,1,-74,1,-94,1,6,0,9,1
102,12330,2018,1,21,21/1/2018,18,4,62083,9117,FM-12,638,V020,150,1,N,10,1,-142,1,-160,1,12,0,9,1
39,12330,2018,1,21,21/1/2018,5,4,62083,9117,FM-12,638,V020,999,9,C,9999,9,-100,1,-117,1,,,,
39,12330,2018,1,21,21/1/2018,17,4,62083,9117,FM-12,638,V020,999,9,C,9999,9,-131,1,-149,1,,,,
39,12330,2018,1,21,21/1/2018,19,4,62083,9117,FM-12,638,V020,999,9,C,9999,9,-153,1,-170,1,,,,
39,12330,2018,1,21,21/1/2018,23,4,62083,9117,FM-12,638,V020,20,1,N,10,1,-164,1,-183,1,,,,
39,12330,2018,1,21,21/1/2018,16,4,62083,9117,FM-12,638,V020,40,1,N,10,1,-125,1,-144,1,,,,
39,12330,2018,1,21,21/1/2018,22,4,62083,9117,FM-12,638,V020,40,1,N,10,1,-161,1,-180,1,,,,
39,12330,2018,1,21,21/1/2018,1,4,62083,9117,FM-12,638,V020,120,1,N,10,1,-83,1,-100,1,,,,
39,12330,2018,1,21,21/1/2018,7,4,62083,9117,FM-12,638,V020,120,1,N,10,1,-100,1,-117,1,,,,
39,12330,2018,1,21,21/1/2018,20,4,62083,9117,FM-12,638,V020,130,1,N,10,1,-157,1,-174,1,,,,
39,12330,2018,1,21,21/1/2018,15,4,62083,9117,FM-12,638,V020,150,1,N,20,1,-116,1,-134,1,,,,
39,12330,2018,1,21,21/1/2018,21,4,62083,9117,FM-12,638,V020,160,1,N,20,1,-160,1,-177,1,,,,
39,12330,2018,1,21,21/1/2018,14,4,62083,9117,FM-12,638,V020,160,1,N,30,1,-113,1,-132,1,,,,
39,12330,2018,1,21,21/1/2018,11,4,62083,9117,FM-12,638,V020,170,1,N,10,1,-102,1,-123,1,,,,
39,12330,2018,1,21,21/1/2018,13,4,62083,9117,FM-12,638,V020,180,1,N,20,1,-110,1,-131,1,,,,
39,12330,2018,1,21,21/1/2018,10,4,62083,9117,FM-12,638,V020,190,1,N,10,1,-105,1,-124,1,,,,
39,12330,2018,1,21,21/1/2018,2,4,62083,9117,FM-12,638,V020,210,1,N,10,1,-89,1,-107,1,,,,
39,12330,2018,1,21,21/1/2018,3,4,62083,9117,FM-12,638,V020,220,1,N,10,1,-90,1,-107,1,,,,
39,12330,2018,1,21,21/1/2018,9,4,62083,9117,FM-12,638,V020,230,1,N,10,1,-110,1,-127,1,,,,
39,12330,2018,1,21,21/1/2018,4,4,62083,9117,FM-12,638,V020,260,1,N,10,1,-96,1,-114,1,,,,
39,12330,2018,1,21,21/1/2018,8,4,62083,9117,FM-12,638,V020,270,1,N,10,1,-111,1,-128,1,,,,
119,12330,2018,1,22,22/1/2018,6,4,62083,9117,FM-12,638,V020,150,1,N,10,1,-193,1,-214,1,12,0,9,1
83,12330,2018,1,22,22/1/2018,0,4,62083,9117,FM-12,638,V020,210,1,N,10,1,-167,1,-186,1,6,0,9,1
83,12330,2018,1,22,22/1/2018,12,4,62083,9117,FM-12,638,V020,999,9,C,9999,9,-193,1,-215,1,6,0,9,1
102,12330,2018,1,22,22/1/2018,18,4,62083,9117,FM-12,638,V020,30,1,N,10,1,-180,1,-201,1,12,0,9,1
39,12330,2018,1,22,22/1/2018,20,4,62083,9117,FM-12,638,V020,999,9,C,9999,9,-181,1,-202,1,,,,
39,12330,2018,1,22,22/1/2018,19,4,62083,9117,FM-12,638,V020,999,9,C,9999,9,-183,1,-204,1,,,,
39,12330,2018,1,22,22/1/2018,11,4,62083,9117,FM-12,638,V020,999,9,C,9999,9,-194,1,-216,1,,,,
39,12330,2018,1,22,22/1/2018,2,4,62083,9117,FM-12,638,V020,70,1,N,10,1,-177,1,-197,1,,,,
39,12330,2018,1,22,22/1/2018,3,4,62083,9117,FM-12,638,V020,70,1,N,10,1,-178,1,-199,1,,,,
39,12330,2018,1,22,22/1/2018,9,4,62083,9117,FM-12,638,V020,70,1,N,10,1,-206,1,-229,1,,,,
39,12330,2018,1,22,22/1/2018,14,4,62083,9117,FM-12,638,V020,80,1,N,10,1,-194,1,-216,1,,,,
39,12330,2018,1,22,22/1/2018,7,4,62083,9117,FM-12,638,V020,150,1,N,10,1,-199,1,-221,1,,,,
39,12330,2018,1,22,22/1/2018,1,4,62083,9117,FM-12,638,V020,160,1,N,10,1,-173,1,-193,1,,,,
39,12330,2018,1,22,22/1/2018,4,4,62083,9117,FM-12,638,V020,160,1,N,10,1,-182,1,-203,1,,,,
39,12330,2018,1,22,22/1/2018,8,4,62083,9117,FM-12,638,V020,170,1,N,20,1,-198,1,-220,1,,,,
39,12330,2018,1,22,22/1/2018,23,4,62083,9117,FM-12,638,V020,180,1,N,10,1,-170,1,-190,1,,,,
39,12330,2018,1,22,22/1/2018,5,4,62083,9117,FM-12,638,V020,180,1,N,20,1,-186,1,-207,1,,,,
39,12330,2018,1,22,22/1/2018,10,4,62083,9117,FM-12,638,V020,190,1,N,10,1,-202,1,-225,1,,,,
39,12330,2018,1,22,22/1/2018,22,4,62083,9117,FM-12,638,V020,200,1,N,10,1,-171,1,-191,1,,,,
39,12330,2018,1,22,22/1/2018,13,4,62083,9117,FM-12,638,V020,220,1,N,10,1,-194,1,-216,1,,,,
39,12330,2018,1,22,22/1/2018,17,4,62083,9117,FM-12,638,V020,230,1,N,10,1,-185,1,-207,1,,,,
39,12330,2018,1,22,22/1/2018,16,4,62083,9117,FM-12,638,V020,300,1,N,10,1,-188,1,-210,1,,,,
39,12330,2018,1,22,22/1/2018,21,4,62083,9117,FM-12,638,V020,340,1,N,10,1,-181,1,-202,1,,,,
39,12330,2018,1,22,22/1/2018,15,4,62083,9117,FM-12,638,V020,350,1,N,10,1,-193,1,-215,1,,,,
119,12330,2018,1,23,23/1/2018,6,4,62083,9117,FM-12,638,V020,270,1,N,20,1,-101,1,-114,1,12,7,3,1
83,12330,2018,1,23,23/1/2018,0,4,62083,9117,FM-12,638,V020,290,1,N,10,1,-159,1,-178,1,6,0,9,1
83,12330,2018,1,23,23/1/2018,12,4,62083,9117,FM-12,638,V020,140,1,N,60,1,-59,1,-89,1,6,2,3,1
102,12330,2018,1,23,23/1/2018,18,4,62083,9117,FM-12,638,V020,210,1,N,20,1,-44,1,-64,1,12,2,3,1
39,12330,2018,1,23,23/1/2018,1,4,62083,9117,FM-12,638,V020,80,1,N,10,1,-154,1,-173,1,,,,
39,12330,2018,1,23,23/1/2018,2,4,62083,9117,FM-12,638,V020,130,1,N,10,1,-147,1,-165,1,,,,
39,12330,2018,1,23,23/1/2018,10,4,62083,9117,FM-12,638,V020,130,1,N,30,1,-69,1,-89,1,,,,
39,12330,2018,1,23,23/1/2018,15,4,62083,9117,FM-12,638,V020,140,1,N,20,1,-55,1,-81,1,,,,
39,12330,2018,1,23,23/1/2018,11,4,62083,9117,FM-12,638,V020,140,1,N,80,1,-62,1,-90,1,,,,
39,12330,2018,1,23,23/1/2018,3,4,62083,9117,FM-12,638,V020,150,1,N,10,1,-132,1,-148,1,,,,
39,12330,2018,1,23,23/1/2018,23,4,62083,9117,FM-12,638,V020,150,1,N,20,1,-17,1,-43,1,,,,
39,12330,2018,1,23,23/1/2018,21,4,62083,9117,FM-12,638,V020,150,1,N,50,1,-28,1,-53,1,,,,
39,12330,2018,1,23,23/1/2018,13,4,62083,9117,FM-12,638,V020,150,1,N,50,1,-56,1,-86,1,,,,
39,12330,2018,1,23,23/1/2018,16,4,62083,9117,FM-12,638,V020,150,1,N,60,1,-50,1,-74,1,,,,
39,12330,2018,1,23,23/1/2018,8,4,62083,9117,FM-12,638,V020,150,1,N,70,1,-73,1,-86,1,,,,
39,12330,2018,1,23,23/1/2018,20,4,62083,9117,FM-12,638,V020,150,1,N,80,1,-28,1,-49,1,,,,
39,12330,2018,1,23,23/1/2018,19,4,62083,9117,FM-12,638,V020,150,1,N,80,1,-40,1,-52,1,,,,
39,12330,2018,1,23,23/1/2018,7,4,62083,9117,FM-12,638,V020,160,1,N,30,1,-81,1,-92,1,,,,
39,12330,2018,1,23,23/1/2018,17,4,62083,9117,FM-12,638,V020,170,1,N,20,1,-49,1,-71,1,,,,
39,12330,2018,1,23,23/1/2018,14,4,62083,9117,FM-12,638,V020,180,1,N,20,1,-56,1,-85,1,,,,
39,12330,2018,1,23,23/1/2018,22,4,62083,9117,FM-12,638,V020,180,1,N,30,1,-21,1,-46,1,,,,
39,12330,2018,1,23,23/1/2018,9,4,62083,9117,FM-12,638,V020,240,1,N,20,1,-77,1,-94,1,,,,
39,12330,2018,1,23,23/1/2018,4,4,62083,9117,FM-12,638,V020,250,1,N,10,1,-129,1,-146,1,,,,
39,12330,2018,1,23,23/1/2018,5,4,62083,9117,FM-12,638,V020,270,1,N,10,1,-116,1,-130,1,,,,
119,12330,2018,1,24,24/1/2018,6,4,62083,9117,FM-12,638,V020,150,1,N,60,1,-3,1,-31,1,24,3,3,1
102,12330,2018,1,24,24/1/2018,18,4,62083,9117,FM-12,638,V020,290,1,N,20,1,-11,1,-20,1,12,4,3,1
83,12330,2018,1,24,24/1/2018,0,4,62083,9117,FM-12,638,V020,180,1,N,20,1,-12,1,-42,1,6,0,9,1
83,12330,2018,1,24,24/1/2018,12,4,62083,9117,FM-12,638,V020,140,1,N,60,1,-5,1,-44,1,6,0,9,1
39,12330,2018,1,24,24/1/2018,19,4,62083,9117,FM-12,638,V020,130,1,N,30,1,-4,1,-15,1,,,,
39,12330,2018,1,24,24/1/2018,7,4,62083,9117,FM-12,638,V020,130,1,N,40,1,0,1,-43,1,,,,
39,12330,2018,1,24,24/1/2018,14,4,62083,9117,FM-12,638,V020,140,1,N,30,1,-16,1,-31,1,,,,
39,12330,2018,1,24,24/1/2018,23,4,62083,9117,FM-12,638,V020,140,1,N,70,1,6,1,-10,1,,,,
39,12330,2018,1,24,24/1/2018,17,4,62083,9117,FM-12,638,V020,140,1,N,80,1,-10,1,-17,1,,,,
39,12330,2018,1,24,24/1/2018,2,4,62083,9117,FM-12,638,V020,150,1,N,30,1,-9,1,-37,1,,,,
39,12330,2018,1,24,24/1/2018,5,4,62083,9117,FM-12,638,V020,150,1,N,50,1,-6,1,-34,1,,,,
39,12330,2018,1,24,24/1/2018,13,4,62083,9117,FM-12,638,V020,150,1,N,50,1,-7,1,-41,1,,,,
39,12330,2018,1,24,24/1/2018,4,4,62083,9117,FM-12,638,V020,150,1,N,70,1,-7,1,-37,1,,,,
39,12330,2018,1,24,24/1/2018,16,4,62083,9117,FM-12,638,V020,150,1,N,80,1,-10,1,-20,1,,,,
39,12330,2018,1,24,24/1/2018,3,4,62083,9117,FM-12,638,V020,150,1,N,90,1,-1,1,-35,1,,,,
39,12330,2018,1,24,24/1/2018,15,4,62083,9117,FM-12,638,V020,160,1,N,60,1,-14,1,-24,1,,,,
39,12330,2018,1,24,24/1/2018,1,4,62083,9117,FM-12,638,V020,170,1,N,40,1,-12,1,-42,1,,,,
39,12330,2018,1,24,24/1/2018,21,4,62083,9117,FM-12,638,V020,170,1,N,70,1,2,1,-27,1,,,,
39,12330,2018,1,24,24/1/2018,20,4,62083,9117,FM-12,638,V020,190,1,N,20,1,-7,1,-22,1,,,,
39,12330,2018,1,24,24/1/2018,8,4,62083,9117,FM-12,638,V020,200,1,N,40,1,-20,1,-41,1,,,,
39,12330,2018,1,24,24/1/2018,11,4,62083,9117,FM-12,638,V020,210,1,N,10,1,-23,1,-48,1,,,,
39,12330,2018,1,24,24/1/2018,9,4,62083,9117,FM-12,638,V020,260,1,N,20,1,-20,1,-59,1,,,,
39,12330,2018,1,24,24/1/2018,10,4,62083,9117,FM-12,638,V020,340,1,N,10,1,-24,1,-49,1,,,,
119,12330,2018,1,25,25/1/2018,6,4,62083,9117,FM-12,638,V020,290,1,N,30,1,7,1,-7,1,24,94,3,1
83,12330,2018,1,25,25/1/2018,12,4,62083,9117,FM-12,638,V020,320,1,N,30,1,16,1,-40,1,6,0,9,1
83,12330,2018,1,25,25/1/2018,0,4,62083,9117,FM-12,638,V020,150,1,N,30,1,6,1,-13,1,6,20,3,1
102,12330,2018,1,25,25/1/2018,18,4,62083,9117,FM-12,638,V020,270,1,N,10,1,-17,1,-54,1,12,2,3,1
39,12330,2018,1,25,25/1/2018,23,4,62083,9117,FM-12,638,V020,999,9,C,9999,9,-31,1,-57,1,,,,
39,12330,2018,1,25,25/1/2018,15,4,62083,9117,FM-12,638,V020,30,1,N,10,1,-2,1,-43,1,,,,
39,12330,2018,1,25,25/1/2018,3,4,62083,9117,FM-12,638,V020,50,1,N,20,1,9,1,-1,1,,,,
39,12330,2018,1,25,25/1/2018,19,4,62083,9117,FM-12,638,V020,60,1,N,10,1,-13,1,-49,1,,,,
39,12330,2018,1,25,25/1/2018,8,4,62083,9117,FM-12,638,V020,90,1,N,10,1,2,1,-14,1,,,,
39,12330,2018,1,25,25/1/2018,20,4,62083,9117,FM-12,638,V020,110,1,N,10,1,-7,1,-53,1,,,,
39,12330,2018,1,25,25/1/2018,2,4,62083,9117,FM-12,638,V020,130,1,N,10,1,-1,1,-10,1,,,,
39,12330,2018,1,25,25/1/2018,16,4,62083,9117,FM-12,638,V020,170,1,N,20,1,-18,1,-57,1,,,,
39,12330,2018,1,25,25/1/2018,17,4,62083,9117,FM-12,638,V020,190,1,N,10,1,-18,1,-58,1,,,,
39,12330,2018,1,25,25/1/2018,14,4,62083,9117,FM-12,638,V020,200,1,N,10,1,6,1,-46,1,,,,
39,12330,2018,1,25,25/1/2018,5,4,62083,9117,FM-12,638,V020,230,1,N,10,1,7,1,-14,1,,,,
39,12330,2018,1,25,25/1/2018,4,4,62083,9117,FM-12,638,V020,250,1,N,10,1,3,1,-18,1,,,,
39,12330,2018,1,25,25/1/2018,1,4,62083,9117,FM-12,638,V020,250,1,N,20,1,1,1,-13,1,,,,
39,12330,2018,1,25,25/1/2018,21,4,62083,9117,FM-12,638,V020,260,1,N,10,1,-22,1,-61,1,,,,
39,12330,2018,1,25,25/1/2018,9,4,62083,9117,FM-12,638,V020,270,1,N,20,1,11,1,-21,1,,,,
39,12330,2018,1,25,25/1/2018,22,4,62083,9117,FM-12,638,V020,300,1,N,10,1,-29,1,-61,1,,,,
39,12330,2018,1,25,25/1/2018,7,4,62083,9117,FM-12,638,V020,300,1,N,20,1,7,1,-12,1,,,,
39,12330,2018,1,25,25/1/2018,10,4,62083,9117,FM-12,638,V020,300,1,N,20,1,11,1,-26,1,,,,
39,12330,2018,1,25,25/1/2018,11,4,62083,9117,FM-12,638,V020,300,1,N,30,1,13,1,-34,1,,,,
39,12330,2018,1,25,25/1/2018,13,4,62083,9117,FM-12,638,V020,340,1,N,20,1,18,1,-38,1,,,,
119,12330,2018,1,26,26/1/2018,6,4,62083,9117,FM-12,638,V020,90,1,N,10,1,-49,1,-67,1,24,3,3,1
83,12330,2018,1,26,26/1/2018,12,4,62083,9117,FM-12,638,V020,190,1,N,10,1,-39,1,-80,1,6,0,9,1
83,12330,2018,1,26,26/1/2018,0,4,62083,9117,FM-12,638,V020,40,1,N,20,1,-31,1,-54,1,6,0,9,1
102,12330,2018,1,26,26/1/2018,18,4,62083,9117,FM-12,638,V020,120,1,N,10,1,-69,1,-100,1,12,0,9,1
39,12330,2018,1,26,26/1/2018,16,4,62083,9117,FM-12,638,V020,999,9,C,9999,9,-60,1,-99,1,,,,
39,12330,2018,1,26,26/1/2018,20,4,62083,9117,FM-12,638,V020,999,9,C,9999,9,-75,1,-103,1,,,,
39,12330,2018,1,26,26/1/2018,19,4,62083,9117,FM-12,638,V020,999,9,C,9999,9,-76,1,-103,1,,,,
39,12330,2018,1,26,26/1/2018,23,4,62083,9117,FM-12,638,V020,999,9,C,9999,9,-83,1,-107,1,,,,
39,12330,2018,1,26,26/1/2018,11,4,62083,9117,FM-12,638,V020,40,1,N,10,1,-65,1,-92,1,,,,
39,12330,2018,1,26,26/1/2018,2,4,62083,9117,FM-12,638,V020,70,1,N,10,1,-27,1,-50,1,,,,
39,12330,2018,1,26,26/1/2018,5,4,62083,9117,FM-12,638,V020,80,1,N,10,1,-34,1,-50,1,,,,
39,12330,2018,1,26,26/1/2018,1,4,62083,9117,FM-12,638,V020,140,1,N,10,1,-33,1,-59,1,,,,
39,12330,2018,1,26,26/1/2018,9,4,62083,9117,FM-12,638,V020,140,1,N,10,1,-65,1,-92,1,,,,
39,12330,2018,1,26,26/1/2018,14,4,62083,9117,FM-12,638,V020,150,1,N,10,1,-44,1,-92,1,,,,
39,12330,2018,1,26,26/1/2018,21,4,62083,9117,FM-12,638,V020,210,1,N,10,1,-85,1,-113,1,,,,
39,12330,2018,1,26,26/1/2018,3,4,62083,9117,FM-12,638,V020,240,1,N,10,1,-38,1,-54,1,,,,
39,12330,2018,1,26,26/1/2018,13,4,62083,9117,FM-12,638,V020,240,1,N,10,1,-44,1,-90,1,,,,
39,12330,2018,1,26,26/1/2018,7,4,62083,9117,FM-12,638,V020,260,1,N,10,1,-54,1,-70,1,,,,
39,12330,2018,1,26,26/1/2018,10,4,62083,9117,FM-12,638,V020,260,1,N,10,1,-55,1,-79,1,,,,
39,12330,2018,1,26,26/1/2018,15,4,62083,9117,FM-12,638,V020,260,1,N,10,1,-59,1,-100,1,,,,
39,12330,2018,1,26,26/1/2018,22,4,62083,9117,FM-12,638,V020,270,1,N,10,1,-95,1,-117,1,,,,
39,12330,2018,1,26,26/1/2018,8,4,62083,9117,FM-12,638,V020,310,1,N,10,1,-55,1,-78,1,,,,
39,12330,2018,1,26,26/1/2018,17,4,62083,9117,FM-12,638,V020,320,1,N,10,1,-65,1,-98,1,,,,
39,12330,2018,1,26,26/1/2018,4,4,62083,9117,FM-12,638,V020,350,1,N,10,1,-34,1,-49,1,,,,
119,12330,2018,1,27,27/1/2018,6,4,62083,9117,FM-12,638,V020,30,1,N,10,1,-109,1,-128,1,12,0,9,1
83,12330,2018,1,27,27/1/2018,0,4,62083,9117,FM-12,638,V020,340,1,N,10,1,-88,1,-112,1,6,0,9,1
83,12330,2018,1,27,27/1/2018,12,4,62083,9117,FM-12,638,V020,180,1,N,10,1,-106,1,-142,1,6,0,9,1
102,12330,2018,1,27,27/1/2018,18,4,62083,9117,FM-12,638,V020,160,1,N,80,1,-61,1,-102,1,12,0,9,1
39,12330,2018,1,27,27/1/2018,8,4,62083,9117,FM-12,638,V020,999,9,C,9999,9,-126,1,-144,1,,,,
39,12330,2018,1,27,27/1/2018,9,4,62083,9117,FM-12,638,V020,60,1,N,10,1,-127,1,-144,1,,,,
39,12330,2018,1,27,27/1/2018,4,4,62083,9117,FM-12,638,V020,70,1,N,10,1,-103,1,-122,1,,,,
39,12330,2018,1,27,27/1/2018,7,4,62083,9117,FM-12,638,V020,80,1,N,10,1,-116,1,-134,1,,,,
39,12330,2018,1,27,27/1/2018,15,4,62083,9117,FM-12,638,V020,90,1,N,10,1,-128,1,-150,1,,,,
39,12330,2018,1,27,27/1/2018,2,4,62083,9117,FM-12,638,V020,120,1,N,10,1,-101,1,-127,1,,,,
39,12330,2018,1,27,27/1/2018,13,4,62083,9117,FM-12,638,V020,120,1,N,10,1,-118,1,-140,1,,,,
39,12330,2018,1,27,27/1/2018,20,4,62083,9117,FM-12,638,V020,120,1,N,40,1,-67,1,-86,1,,,,
39,12330,2018,1,27,27/1/2018,21,4,62083,9117,FM-12,638,V020,130,1,N,70,1,-68,1,-85,1,,,,
39,12330,2018,1,27,27/1/2018,19,4,62083,9117,FM-12,638,V020,150,1,N,70,1,-67,1,-94,1,,,,
39,12330,2018,1,27,27/1/2018,23,4,62083,9117,FM-12,638,V020,150,1,N,80,1,-63,1,-86,1,,,,
39,12330,2018,1,27,27/1/2018,22,4,62083,9117,FM-12,638,V020,150,1,N,90,1,-65,1,-85,1,,,,
39,12330,2018,1,27,27/1/2018,10,4,62083,9117,FM-12,638,V020,160,1,N,10,1,-108,1,-127,1,,,,
39,12330,2018,1,27,27/1/2018,11,4,62083,9117,FM-12,638,V020,180,1,N,10,1,-109,1,-135,1,,,,
39,12330,2018,1,27,27/1/2018,14,4,62083,9117,FM-12,638,V020,200,1,N,10,1,-135,1,-157,1,,,,
39,12330,2018,1,27,27/1/2018,16,4,62083,9117,FM-12,638,V020,240,1,N,10,1,-111,1,-134,1,,,,
39,12330,2018,1,27,27/1/2018,17,4,62083,9117,FM-12,638,V020,250,1,N,20,1,-80,1,-110,1,,,,
39,12330,2018,1,27,27/1/2018,3,4,62083,9117,FM-12,638,V020,310,1,N,10,1,-100,1,-121,1,,,,
39,12330,2018,1,27,27/1/2018,5,4,62083,9117,FM-12,638,V020,340,1,N,10,1,-111,1,-130,1,,,,
39,12330,2018,1,27,27/1/2018,1,4,62083,9117,FM-12,638,V020,360,1,N,10,1,-89,1,-116,1,,,,
119,12330,2018,1,28,28/1/2018,6,4,62083,9117,FM-12,638,V020,160,1,N,30,1,-43,1,-63,1,12,8,3,1
102,12330,2018,1,28,28/1/2018,18,4,62083,9117,FM-12,638,V020,110,1,N,10,1,-47,1,-57,1,12,10,3,1
83,12330,2018,1,28,28/1/2018,0,4,62083,9117,FM-12,638,V020,150,1,N,70,1,-60,1,-86,1,6,6,3,1
83,12330,2018,1,28,28/1/2018,12,4,62083,9117,FM-12,638,V020,220,1,N,10,1,-33,1,-48,1,6,8,3,1
39,12330,2018,1,28,28/1/2018,14,4,62083,9117,FM-12,638,V020,999,9,C,9999,9,-29,1,-50,1,,,,
39,12330,2018,1,28,28/1/2018,20,4,62083,9117,FM-12,638,V020,999,9,C,9999,9,-49,1,-59,1,,,,
39,12330,2018,1,28,28/1/2018,21,4,62083,9117,FM-12,638,V020,70,1,N,10,1,-56,1,-64,1,,,,
39,12330,2018,1,28,28/1/2018,3,4,62083,9117,FM-12,638,V020,80,1,N,20,1,-48,1,-80,1,,,,
39,12330,2018,1,28,28/1/2018,4,4,62083,9117,FM-12,638,V020,120,1,N,50,1,-45,1,-72,1,,,,
39,12330,2018,1,28,28/1/2018,2,4,62083,9117,FM-12,638,V020,130,1,N,50,1,-51,1,-83,1,,,,
39,12330,2018,1,28,28/1/2018,5,4,62083,9117,FM-12,638,V020,150,1,N,30,1,-45,1,-68,1,,,,
39,12330,2018,1,28,28/1/2018,1,4,62083,9117,FM-12,638,V020,160,1,N,60,1,-54,1,-84,1,,,,
39,12330,2018,1,28,28/1/2018,15,4,62083,9117,FM-12,638,V020,170,1,N,20,1,-32,1,-53,1,,,,
39,12330,2018,1,28,28/1/2018,17,4,62083,9117,FM-12,638,V020,170,1,N,20,1,-41,1,-52,1,,,,
39,12330,2018,1,28,28/1/2018,7,4,62083,9117,FM-12,638,V020,170,1,N,20,1,-41,1,-59,1,,,,
39,12330,2018,1,28,28/1/2018,19,4,62083,9117,FM-12,638,V020,170,1,N,20,1,-47,1,-57,1,,,,
39,12330,2018,1,28,28/1/2018,16,4,62083,9117,FM-12,638,V020,180,1,N,10,1,-42,1,-54,1,,,,
39,12330,2018,1,28,28/1/2018,8,4,62083,9117,FM-12,638,V020,200,1,N,30,1,-37,1,-57,1,,,,
39,12330,2018,1,28,28/1/2018,9,4,62083,9117,FM-12,638,V020,210,1,N,20,1,-40,1,-54,1,,,,
39,12330,2018,1,28,28/1/2018,10,4,62083,9117,FM-12,638,V020,230,1,N,10,1,-35,1,-49,1,,,,
39,12330,2018,1,28,28/1/2018,11,4,62083,9117,FM-12,638,V020,240,1,N,10,1,-35,1,-49,1,,,,
39,12330,2018,1,28,28/1/2018,13,4,62083,9117,FM-12,638,V020,260,1,N,20,1,-33,1,-49,1,,,,
39,12330,2018,1,28,28/1/2018,23,4,62083,9117,FM-12,638,V020,280,1,N,10,1,-61,1,-69,1,,,,
39,12330,2018,1,28,28/1/2018,22,4,62083,9117,FM-12,638,V020,290,1,N,10,1,-56,1,-64,1,,,,
119,12330,2018,1,29,29/1/2018,6,4,62083,9117,FM-12,638,V020,150,1,N,10,1,-69,1,-79,1,24,18,3,1
83,12330,2018,1,29,29/1/2018,12,4,62083,9117,FM-12,638,V020,180,1,N,10,1,-42,1,-53,1,6,0,9,1
83,12330,2018,1,29,29/1/2018,0,4,62083,9117,FM-12,638,V020,220,1,N,10,1,-64,1,-72,1,6,4,3,1
102,12330,2018,1,29,29/1/2018,18,4,62083,9117,FM-12,638,V020,310,1,N,10,1,-80,1,-91,1,12,2,3,1
39,12330,2018,1,29,29/1/2018,9,4,62083,9117,FM-12,638,V020,999,9,C,9999,9,-65,1,-75,1,,,,
39,12330,2018,1,29,29/1/2018,2,4,62083,9117,FM-12,638,V020,999,9,C,9999,9,-71,1,-79,1,,,,
39,12330,2018,1,29,29/1/2018,19,4,62083,9117,FM-12,638,V020,999,9,C,9999,9,-75,1,-86,1,,,,
39,12330,2018,1,29,29/1/2018,20,4,62083,9117,FM-12,638,V020,999,9,C,9999,9,-79,1,-91,1,,,,
39,12330,2018,1,29,29/1/2018,23,4,62083,9117,FM-12,638,V020,999,9,C,9999,9,-81,1,-92,1,,,,
39,12330,2018,1,29,29/1/2018,22,4,62083,9117,FM-12,638,V020,10,1,N,10,1,-79,1,-90,1,,,,
39,12330,2018,1,29,29/1/2018,3,4,62083,9117,FM-12,638,V020,80,1,N,10,1,-72,1,-82,1,,,,
39,12330,2018,1,29,29/1/2018,4,4,62083,9117,FM-12,638,V020,100,1,N,10,1,-73,1,-83,1,,,,
39,12330,2018,1,29,29/1/2018,21,4,62083,9117,FM-12,638,V020,100,1,N,10,1,-79,1,-90,1,,,,
39,12330,2018,1,29,29/1/2018,7,4,62083,9117,FM-12,638,V020,170,1,N,10,1,-68,1,-78,1,,,,
39,12330,2018,1,29,29/1/2018,1,4,62083,9117,FM-12,638,V020,170,1,N,20,1,-71,1,-81,1,,,,
39,12330,2018,1,29,29/1/2018,11,4,62083,9117,FM-12,638,V020,180,1,N,20,1,-62,1,-73,1,,,,
39,12330,2018,1,29,29/1/2018,8,4,62083,9117,FM-12,638,V020,180,1,N,20,1,-65,1,-75,1,,,,
39,12330,2018,1,29,29/1/2018,13,4,62083,9117,FM-12,638,V020,200,1,N,10,1,-63,1,-76,1,,,,
39,12330,2018,1,29,29/1/2018,10,4,62083,9117,FM-12,638,V020,210,1,N,10,1,-60,1,-70,1,,,,
39,12330,2018,1,29,29/1/2018,15,4,62083,9117,FM-12,638,V020,220,1,N,10,1,-67,1,-78,1,,,,
39,12330,2018,1,29,29/1/2018,5,4,62083,9117,FM-12,638,V020,230,1,N,10,1,-70,1,-80,1,,,,
39,12330,2018,1,29,29/1/2018,14,4,62083,9117,FM-12,638,V020,250,1,N,10,1,-63,1,-74,1,,,,
39,12330,2018,1,29,29/1/2018,16,4,62083,9117,FM-12,638,V020,360,1,N,10,1,-75,1,-86,1,,,,
39,12330,2018,1,29,29/1/2018,17,4,62083,9117,FM-12,638,V020,360,1,N,10,1,-77,1,-88,1,,,,
119,12330,2018,1,30,30/1/2018,6,4,62083,9117,FM-12,638,V020,260,1,N,10,1,-101,1,-112,1,24,6,3,1
83,12330,2018,1,30,30/1/2018,12,4,62083,9117,FM-12,638,V020,120,1,N,10,1,-106,1,-123,1,6,0,9,1
83,12330,2018,1,30,30/1/2018,0,4,62083,9117,FM-12,638,V020,110,1,N,10,1,-87,1,-99,1,6,4,3,1
102,12330,2018,1,30,30/1/2018,18,4,62083,9117,FM-12,638,V020,180,1,N,20,1,-89,1,-101,1,12,0,9,1
39,12330,2018,1,30,30/1/2018,17,4,62083,9117,FM-12,638,V020,50,1,N,10,1,-89,1,-101,1,,,,
39,12330,2018,1,30,30/1/2018,22,4,62083,9117,FM-12,638,V020,80,1,N,10,1,-71,1,-82,1,,,,
39,12330,2018,1,30,30/1/2018,16,4,62083,9117,FM-12,638,V020,90,1,N,10,1,-101,1,-114,1,,,,
39,12330,2018,1,30,30/1/2018,14,4,62083,9117,FM-12,638,V020,100,1,N,10,1,-75,1,-91,1,,,,
39,12330,2018,1,30,30/1/2018,1,4,62083,9117,FM-12,638,V020,100,1,N,10,1,-88,1,-99,1,,,,
39,12330,2018,1,30,30/1/2018,7,4,62083,9117,FM-12,638,V020,100,1,N,10,1,-100,1,-111,1,,,,
39,12330,2018,1,30,30/1/2018,20,4,62083,9117,FM-12,638,V020,160,1,N,10,1,-78,1,-90,1,,,,
39,12330,2018,1,30,30/1/2018,5,4,62083,9117,FM-12,638,V020,160,1,N,10,1,-92,1,-103,1,,,,
39,12330,2018,1,30,30/1/2018,21,4,62083,9117,FM-12,638,V020,180,1,N,10,1,-76,1,-87,1,,,,
39,12330,2018,1,30,30/1/2018,15,4,62083,9117,FM-12,638,V020,180,1,N,10,1,-95,1,-109,1,,,,
39,12330,2018,1,30,30/1/2018,9,4,62083,9117,FM-12,638,V020,200,1,N,20,1,-115,1,-128,1,,,,
39,12330,2018,1,30,30/1/2018,19,4,62083,9117,FM-12,638,V020,210,1,N,10,1,-83,1,-94,1,,,,
39,12330,2018,1,30,30/1/2018,11,4,62083,9117,FM-12,638,V020,240,1,N,10,1,-100,1,-116,1,,,,
39,12330,2018,1,30,30/1/2018,8,4,62083,9117,FM-12,638,V020,240,1,N,10,1,-111,1,-123,1,,,,
39,12330,2018,1,30,30/1/2018,13,4,62083,9117,FM-12,638,V020,250,1,N,20,1,-99,1,-115,1,,,,
39,12330,2018,1,30,30/1/2018,4,4,62083,9117,FM-12,638,V020,260,1,N,10,1,-93,1,-105,1,,,,
39,12330,2018,1,30,30/1/2018,3,4,62083,9117,FM-12,638,V020,260,1,N,10,1,-95,1,-107,1,,,,
39,12330,2018,1,30,30/1/2018,23,4,62083,9117,FM-12,638,V020,270,1,N,10,1,-59,1,-71,1,,,,
39,12330,2018,1,30,30/1/2018,2,4,62083,9117,FM-12,638,V020,310,1,N,10,1,-87,1,-98,1,,,,
39,12330,2018,1,30,30/1/2018,10,4,62083,9117,FM-12,638,V020,340,1,N,10,1,-95,1,-104,1,,,,
119,12330,2018,1,31,31/1/2018,6,4,62083,9117,FM-12,638,V020,150,1,N,80,1,-24,1,-50,1,12,3,3,1
102,12330,2018,1,31,31/1/2018,18,4,62083,9117,FM-12,638,V020,140,1,N,80,1,-21,1,-36,1,12,3,3,1
83,12330,2018,1,31,31/1/2018,12,4,62083,9117,FM-12,638,V020,150,1,N,70,1,-16,1,-37,1,6,2,3,1
83,12330,2018,1,31,31/1/2018,0,4,62083,9117,FM-12,638,V020,150,1,N,40,1,-43,1,-55,1,6,3,3,1
39,12330,2018,1,31,31/1/2018,17,4,62083,9117,FM-12,638,V020,140,1,N,50,1,-21,1,-34,1,,,,
39,12330,2018,1,31,31/1/2018,20,4,62083,9117,FM-12,638,V020,140,1,N,50,1,-25,1,-39,1,,,,
39,12330,2018,1,31,31/1/2018,14,4,62083,9117,FM-12,638,V020,140,1,N,60,1,-14,1,-41,1,,,,
39,12330,2018,1,31,31/1/2018,8,4,62083,9117,FM-12,638,V020,140,1,N,60,1,-22,1,-50,1,,,,
39,12330,2018,1,31,31/1/2018,4,4,62083,9117,FM-12,638,V020,140,1,N,70,1,-27,1,-53,1,,,,
39,12330,2018,1,31,31/1/2018,15,4,62083,9117,FM-12,638,V020,140,1,N,80,1,-16,1,-35,1,,,,
39,12330,2018,1,31,31/1/2018,23,4,62083,9117,FM-12,638,V020,150,1,N,40,1,-27,1,-38,1,,,,
39,12330,2018,1,31,31/1/2018,1,4,62083,9117,FM-12,638,V020,150,1,N,40,1,-39,1,-58,1,,,,
39,12330,2018,1,31,31/1/2018,3,4,62083,9117,FM-12,638,V020,150,1,N,50,1,-35,1,-57,1,,,,
39,12330,2018,1,31,31/1/2018,16,4,62083,9117,FM-12,638,V020,150,1,N,60,1,-19,1,-36,1,,,,
39,12330,2018,1,31,31/1/2018,9,4,62083,9117,FM-12,638,V020,150,1,N,60,1,-27,1,-43,1,,,,
39,12330,2018,1,31,31/1/2018,7,4,62083,9117,FM-12,638,V020,150,1,N,70,1,-24,1,-49,1,,,,
39,12330,2018,1,31,31/1/2018,10,4,62083,9117,FM-12,638,V020,150,1,N,70,1,-25,1,-39,1,,,,
39,12330,2018,1,31,31/1/2018,11,4,62083,9117,FM-12,638,V020,150,1,N,80,1,-18,1,-36,1,,,,
39,12330,2018,1,31,31/1/2018,19,4,62083,9117,FM-12,638,V020,150,1,N,80,1,-24,1,-37,1,,,,
39,12330,2018,1,31,31/1/2018,5,4,62083,9117,FM-12,638,V020,150,1,N,80,1,-27,1,-52,1,,,,
39,12330,2018,1,31,31/1/2018,13,4,62083,9117,FM-12,638,V020,150,1,N,90,1,-16,1,-38,1,,,,
39,12330,2018,1,31,31/1/2018,2,4,62083,9117,FM-12,638,V020,160,1,N,20,1,-41,1,-59,1,,,,
39,12330,2018,1,31,31/1/2018,22,4,62083,9117,FM-12,638,V020,170,1,N,20,1,-27,1,-38,1,,,,
39,12330,2018,1,31,31/1/2018,21,4,62083,9117,FM-12,638,V020,180,1,N,30,1,-28,1,-40,1,,,,
